S1	E1	S2	E2	Reference	Contig	IDY	Ambiguous	Best_group
3676310	3678259	1957	10	CM057398.1	WFIS01000100.1	99.28		True
local misassembly
3646365	3676050	31643	1958	CM057398.1	WFIS01000100.1	99.23		True
CONTIG	WFIS01000100.1	31643	correct
19947	25329	5454	80	JARFXW010000032.1	WFIS01000101.1	99.42		True
local misassembly
8510	19200	15932	5455	JARFXW010000032.1	WFIS01000101.1	97.29		True
local misassembly
6593	8068	17403	15933	JARFXW010000032.1	WFIS01000101.1	99.26		True
local misassembly
142	6296	23547	17404	JARFXW010000032.1	WFIS01000101.1	98.59		True
translocation
21	8070	31628	23548	JARFXW010000101.1	WFIS01000101.1	98.83		True
CONTIG	WFIS01000101.1	31628	misassembled
4310373	4311611	1242	1	CM057402.1	WFIS01000102.1	99.76		True
local misassembly
4302250	4308949	9073	2374	CM057402.1	WFIS01000102.1	99.48		True
relocation, inconsistency = -31680
4311543	4333929	31503	9074	CM057402.1	WFIS01000102.1	99.59		True
CONTIG	WFIS01000102.1	31503	misassembled
1122982	1123351	371	1	CM057400.1	WFIS01000103.1	99.24		True
local misassembly
1095758	1122757	26868	372	CM057400.1	WFIS01000103.1	97.62		True
local misassembly
1091389	1095535	31021	26869	CM057400.1	WFIS01000103.1	99.33		True
CONTIG	WFIS01000103.1	31028	correct
316449	347320	30962	1	CM057403.1	WFIS01000104.1	97.32		True
CONTIG	WFIS01000104.1	31021	correct
CONTIG	WFIS01000105.1	29220	unaligned
283343	311109	27855	87	JARFXW010000009.1	WFIS01000106.1	98.59		True
CONTIG	WFIS01000106.1	27927	correct
347298	351614	1	4314	CM057403.1	WFIS01000107.1	96.6		True
relocation, inconsistency = -4829
352223	364595	22121	9752	CM057403.1	WFIS01000107.1	95.19		True
CONTIG	WFIS01000107.1	26316	misassembled
1	2385	2382	1	JARFXW010000154.1	WFIS01000108.1	97.45		True
translocation
20	3275	7733	10996	JARFXW010000021.1	WFIS01000108.1	96.2		True
indel: indel (> 5bp)
3276	4488	11132	12342	JARFXW010000021.1	WFIS01000108.1	97.86		True
local misassembly
4484	11499	12913	19932	JARFXW010000021.1	WFIS01000108.1	98.05		True
CONTIG	WFIS01000108.1	24765	misassembled
1117279	1142045	24708	1	CM057398.1	WFIS01000109.1	98.5		True
CONTIG	WFIS01000109.1	24713	correct
7972095	8050312	78330	17	CM057398.1	WFIS01000010.1	98.64		True
local misassembly
7942623	7971180	106937	78335	CM057398.1	WFIS01000010.1	97.48		True
translocation
4547099	4578551	138359	106938	CM057397.1	WFIS01000010.1	98.81		True
local misassembly
4537244	4546871	147972	138361	CM057397.1	WFIS01000010.1	96.35		True
local misassembly
4534396	4535989	150632	149045	CM057397.1	WFIS01000010.1	96.3		True
local misassembly
4527239	4534173	157579	150639	CM057397.1	WFIS01000010.1	96.85		True
relocation, inconsistency = 10532
4514367	4516610	157676	159920	CM057397.1	WFIS01000010.1	95.59		True
inversion
4498649	4513778	175727	160631	CM057397.1	WFIS01000010.1	97.7		True
translocation
4832454	4851044	175728	194312	CM057398.1	WFIS01000010.1	99.5		True
local misassembly
4851041	4883861	194748	227601	CM057398.1	WFIS01000010.1	98.27		True
local misassembly
4888918	4926807	233202	271068	CM057398.1	WFIS01000010.1	97.34		True
local misassembly
4927049	5021322	271069	365352	CM057398.1	WFIS01000010.1	98.99		True
translocation
474747	613152	503673	365353	CM057402.1	WFIS01000010.1	98.89		True
translocation
5021702	5034098	503674	516073	CM057398.1	WFIS01000010.1	98.73		True
local misassembly
5034796	5087963	516940	570122	CM057398.1	WFIS01000010.1	98.96		True
local misassembly
5088303	5271580	570123	753325	CM057398.1	WFIS01000010.1	98.9		True
CONTIG	WFIS01000010.1	753333	misassembled
27535	28104	1	570	JARFXW010000041.1	WFIS01000110.1	99.47		True
unknown
28288	28786	22960	23463	JARFXW010000041.1	WFIS01000110.1	98.81		True
unknown
CONTIG	WFIS01000110.1	23463	mis_unaligned
CONTIG	WFIS01000111.1	21062	unaligned
5255	25396	20381	1	JARFXW010000122.1	WFIS01000112.1	97.14		True
CONTIG	WFIS01000112.1	20381	correct
9944	11005	1053	1	JARFXW010000052.1	WFIS01000113.1	96.33		True
unknown
72	1464	2631	1252	JARFXW010000282.1	WFIS01000113.1	96.78		True
unknown
3793	6709	14562	17471	JARFXW010000141.1	WFIS01000113.1	95.68		True
unknown
6710	7751	17494	18544	JARFXW010000141.1	WFIS01000113.1	95.72		True
unknown
CONTIG	WFIS01000113.1	20296	mis_unaligned
5193	22877	18274	490	JARFXW010000031.1	WFIS01000114.1	95.09		True
CONTIG	WFIS01000114.1	19097	correct
382224	400624	74	18483	CM057398.1	WFIS01000115.1	99.42		True
CONTIG	WFIS01000115.1	18505	correct
1289458	1307049	1	17595	CM057403.1	WFIS01000116.1	99.21		True
CONTIG	WFIS01000116.1	17595	correct
7130	10168	1	3043	JARFXW010000066.1	WFIS01000117.1	99.54		True
translocation
684645	697916	16211	3044	CM057404.1	WFIS01000117.1	98.53		True
CONTIG	WFIS01000117.1	16287	misassembled
2449608	2456525	7	6727	CM057402.1	WFIS01000118.1	97.89		True
local misassembly
2456782	2464055	6748	14034	CM057402.1	WFIS01000118.1	99.33		True
CONTIG	WFIS01000118.1	14037	correct
76	3020	2829	5767	JARFXW010000334.1	WFIS01000119.1	96.98		True
unknown
8364	11683	13496	10177	JARFXW010000035.1	WFIS01000119.1	97.5		True
unknown
CONTIG	WFIS01000119.1	13500	mis_unaligned
6680079	6748515	68471	28	CM057398.1	WFIS01000011.1	98.92		True
relocation, inconsistency = 640228
7388770	7627937	68498	307614	CM057398.1	WFIS01000011.1	98.91		True
translocation
4690621	4733335	307615	350133	CM057401.1	WFIS01000011.1	99.0		True
local misassembly
4733565	4832810	350134	449316	CM057401.1	WFIS01000011.1	98.92		True
local misassembly
4833130	4915803	449317	531930	CM057401.1	WFIS01000011.1	97.96		True
local misassembly
4917680	4989237	533488	605036	CM057401.1	WFIS01000011.1	96.82		True
relocation, inconsistency = -1440
4989247	4990808	606486	608031	CM057401.1	WFIS01000011.1	95.98		True
relocation, inconsistency = 4858
4996543	5005069	608908	617423	CM057401.1	WFIS01000011.1	97.22		True
relocation, inconsistency = 1361
5007523	5022655	618516	633629	CM057401.1	WFIS01000011.1	98.25		True
local misassembly
5022855	5052872	633837	663876	CM057401.1	WFIS01000011.1	98.02		True
local misassembly
5053132	5096014	663890	706735	CM057401.1	WFIS01000011.1	97.18		True
relocation, inconsistency = -3605
5096118	5096224	710444	710548	CM057401.1	WFIS01000011.1	95.33		True
local misassembly
5100036	5126631	713694	740162	CM057401.1	WFIS01000011.1	98.5		True
CONTIG	WFIS01000011.1	740176	misassembled
5511823	5521173	9416	63	CM057398.1	WFIS01000120.1	99.2		True
translocation
4828944	4829400	10855	10395	CM057399.1	WFIS01000120.1	95.01		True
CONTIG	WFIS01000120.1	10911	misassembled
35333	35409	1	77	JARFXW010000015.1	WFIS01000121.1	100.0		True
CONTIG	WFIS01000121.1	10360	correct_unaligned
91	2773	2678	1	JARFXW010000224.1	WFIS01000122.1	95.57		True
CONTIG	WFIS01000122.1	10154	correct_unaligned
7450	15984	1007	9539	JARFXW010000061.1	WFIS01000123.1	99.54		True
CONTIG	WFIS01000123.1	9615	correct
8083	17649	1	9576	JARFXW010000078.1	WFIS01000124.1	99.2		True
CONTIG	WFIS01000124.1	9576	correct
68	7451	1	7422	JARFXW010000061.1	WFIS01000125.1	98.26		True
CONTIG	WFIS01000125.1	8694	correct
1315551	1323884	8347	42	CM057403.1	WFIS01000126.1	99.01		True
CONTIG	WFIS01000126.1	8347	correct
11898	16685	7481	2703	JARFXW010000041.1	WFIS01000127.1	96.91		True
CONTIG	WFIS01000127.1	7481	correct
71	1950	1	1846	JARFXW010000066.1	WFIS01000128.1	97.94		True
local misassembly
1701	3752	1847	3902	JARFXW010000066.1	WFIS01000128.1	99.08		True
local misassembly
3744	6886	4232	7373	JARFXW010000066.1	WFIS01000128.1	99.24		True
CONTIG	WFIS01000128.1	7373	correct
1243	2861	6952	5332	JARFXW010000035.1	WFIS01000129.1	96.31		True
CONTIG	WFIS01000129.1	6952	correct_unaligned
8504997	8582797	166	78013	CM057398.1	WFIS01000012.1	98.19		True
local misassembly
8583330	8600437	78014	95118	CM057398.1	WFIS01000012.1	97.12		True
relocation, inconsistency = -3301
8601522	8630841	99504	128719	CM057398.1	WFIS01000012.1	97.32		True
local misassembly
8631268	8695255	128980	192970	CM057398.1	WFIS01000012.1	96.67		True
local misassembly
8696401	8704962	193221	201738	CM057398.1	WFIS01000012.1	95.15		True
relocation, inconsistency = -34916
8705440	8709867	237132	241549	CM057398.1	WFIS01000012.1	96.86		True
relocation, inconsistency = -13576
8714916	8721543	260174	266791	CM057398.1	WFIS01000012.1	96.91		True
local misassembly
8727245	8748634	272479	293887	CM057398.1	WFIS01000012.1	97.89		True
relocation, inconsistency = 43109
8812004	8813457	314148	315608	CM057398.1	WFIS01000012.1	95.35		True
relocation, inconsistency = -3939
8813459	8862215	319549	368277	CM057398.1	WFIS01000012.1	98.53		True
local misassembly
8863272	8886969	369937	393387	CM057398.1	WFIS01000012.1	96.56		True
relocation, inconsistency = 5116
8892096	8897352	393398	398652	CM057398.1	WFIS01000012.1	95.53		True
local misassembly
8897723	8908740	398741	409743	CM057398.1	WFIS01000012.1	97.24		True
local misassembly
8909341	8919498	409860	420003	CM057398.1	WFIS01000012.1	95.53		True
relocation, inconsistency = 1708
8921471	8921596	420268	420393	CM057398.1	WFIS01000012.1	98.41		True
local misassembly
8927640	8950808	426784	449918	CM057398.1	WFIS01000012.1	97.33		True
relocation, inconsistency = -1736
8952140	9004321	452986	505429	CM057398.1	WFIS01000012.1	96.57		True
local misassembly
9004693	9005475	505770	506552	CM057398.1	WFIS01000012.1	95.02		True
local misassembly
9020043	9069264	521077	570237	CM057398.1	WFIS01000012.1	96.11		True
local misassembly
9075719	9116273	576612	617178	CM057398.1	WFIS01000012.1	96.62		True
relocation, inconsistency = -2669
9118623	9194276	622197	697944	CM057398.1	WFIS01000012.1	95.99		True
CONTIG	WFIS01000012.1	736108	misassembled
1	793	1317	523	JARFXW010000035.1	WFIS01000130.1	95.35		True
CONTIG	WFIS01000130.1	6477	correct_unaligned
10393	10788	396	1	JARFXW010000189.1	WFIS01000131.1	99.49		True
unknown
5140	5785	1039	394	JARFXW010000189.1	WFIS01000131.1	99.23		True
unknown
3512	5141	6436	4807	JARFXW010000189.1	WFIS01000131.1	99.02		True
unknown
CONTIG	WFIS01000131.1	6436	mis_unaligned
845	920	6258	6183	JARFXW010000067.1	WFIS01000132.1	98.68		True
CONTIG	WFIS01000132.1	6258	correct_unaligned
CONTIG	WFIS01000133.1	5996	unaligned
29481	35409	5940	1	JARFXW010000015.1	WFIS01000134.1	99.75		True
CONTIG	WFIS01000134.1	5940	correct
CONTIG	WFIS01000135.1	5937	unaligned
183	5562	45	5424	JARFXW010000027.1	WFIS01000136.1	99.78		True
CONTIG	WFIS01000136.1	5439	correct
CONTIG	WFIS01000137.1	5040	unaligned
846	920	4791	4717	JARFXW010000067.1	WFIS01000138.1	98.67		True
CONTIG	WFIS01000138.1	4791	correct_unaligned
1364595	1368928	4400	46	CM057399.1	WFIS01000139.1	99.45		True
CONTIG	WFIS01000139.1	4404	correct
268	56048	1	55902	JARFXW010000060.1	WFIS01000013.1	98.67		True
translocation
698017	708023	60550	70583	CM057404.1	WFIS01000013.1	96.3		True
relocation, inconsistency = 3013
711037	730481	70584	89696	CM057404.1	WFIS01000013.1	96.95		True
local misassembly
730474	774324	90067	134132	CM057404.1	WFIS01000013.1	98.25		True
local misassembly
774626	783642	134138	143179	CM057404.1	WFIS01000013.1	97.84		True
relocation, inconsistency = 2161
789857	857749	147233	215041	CM057404.1	WFIS01000013.1	98.87		True
local misassembly
857997	919874	215042	276968	CM057404.1	WFIS01000013.1	98.36		True
local misassembly
920521	926756	277590	283851	CM057404.1	WFIS01000013.1	95.08		True
local misassembly
927471	955281	283852	311688	CM057404.1	WFIS01000013.1	96.02		True
relocation, inconsistency = -6337
957047	1038590	319791	401320	CM057404.1	WFIS01000013.1	97.72		True
translocation
1688	46382	402667	447576	CM057401.1	WFIS01000013.1	97.66		True
local misassembly
46970	107220	447999	508173	CM057401.1	WFIS01000013.1	97.24		True
local misassembly
107439	225242	508174	625873	CM057401.1	WFIS01000013.1	98.65		True
local misassembly
225604	276552	625874	676862	CM057401.1	WFIS01000013.1	99.45		True
local misassembly
276850	282821	676863	682878	CM057401.1	WFIS01000013.1	98.99		True
local misassembly
283099	333991	682887	733646	CM057401.1	WFIS01000013.1	99.16		True
CONTIG	WFIS01000013.1	733696	misassembled
404	3902	1	3482	JARFXW010000307.1	WFIS01000140.1	95.22		True
CONTIG	WFIS01000140.1	4340	correct
CONTIG	WFIS01000141.1	4307	unaligned
30839	34874	1	4220	JARFXW010000041.1	WFIS01000142.1	96.19		True
CONTIG	WFIS01000142.1	4220	correct
2243000	2243224	225	1	CM057398.1	WFIS01000143.1	99.56		True
unknown
44810	45730	3266	4188	JARFXW010000030.1	WFIS01000143.1	97.18		True
unknown
CONTIG	WFIS01000143.1	4189	mis_unaligned
38247	41073	2824	1	JARFXW010000031.1	WFIS01000144.1	97.17		True
CONTIG	WFIS01000144.1	3930	correct
92	927	836	1	JARFXW010000149.1	WFIS01000145.1	98.17		True
translocation
360	3445	3923	837	JARFXW010000134.1	WFIS01000145.1	95.17		True
CONTIG	WFIS01000145.1	3923	misassembled
2243226	2247016	1	3823	CM057398.1	WFIS01000146.1	96.94		True
CONTIG	WFIS01000146.1	3823	correct
45655	49268	1	3607	JARFXW010000030.1	WFIS01000147.1	97.79		True
CONTIG	WFIS01000147.1	3607	correct
215	3538	2	3331	CM057403.1	WFIS01000148.1	99.67		True
CONTIG	WFIS01000148.1	3361	correct
24400	27452	3054	1	JARFXW010000041.1	WFIS01000149.1	98.5		True
CONTIG	WFIS01000149.1	3054	correct
1732136	1880091	148207	46	CM057397.1	WFIS01000014.1	98.82		True
relocation, inconsistency = 2193
1667818	1728751	210368	149399	CM057397.1	WFIS01000014.1	98.32		True
translocation
4008359	4025926	210377	227921	CM057398.1	WFIS01000014.1	99.07		True
local misassembly
4026305	4052859	228017	254644	CM057398.1	WFIS01000014.1	98.28		True
local misassembly
4053255	4219899	254873	421453	CM057398.1	WFIS01000014.1	98.45		True
local misassembly
4220189	4257582	421468	458971	CM057398.1	WFIS01000014.1	96.99		True
local misassembly
4258266	4262418	458988	463141	CM057398.1	WFIS01000014.1	98.12		True
local misassembly
4262414	4299608	463658	500853	CM057398.1	WFIS01000014.1	97.93		True
relocation, inconsistency = -1314
4299680	4311149	502239	513690	CM057398.1	WFIS01000014.1	96.49		True
relocation, inconsistency = -4326
4312160	4326933	519027	533824	CM057398.1	WFIS01000014.1	97.64		True
local misassembly
4327147	4358695	533825	565396	CM057398.1	WFIS01000014.1	98.45		True
relocation, inconsistency = 3680
4363634	4367365	566655	570380	CM057398.1	WFIS01000014.1	96.53		True
relocation, inconsistency = 1055
4370201	4378564	572161	580542	CM057398.1	WFIS01000014.1	97.1		True
relocation, inconsistency = 8891
4391613	4393853	584700	586926	CM057398.1	WFIS01000014.1	97.59		True
local misassembly
4393854	4395275	587133	588553	CM057398.1	WFIS01000014.1	97.75		True
relocation, inconsistency = -4058
4395616	4484639	592952	681794	CM057398.1	WFIS01000014.1	97.43		True
CONTIG	WFIS01000014.1	681862	misassembled
2252073	2252518	1252	805	CM057398.1	WFIS01000150.1	98.66		True
translocation
24066	25597	1330	2860	JARFXW010000015.1	WFIS01000150.1	97.91		True
CONTIG	WFIS01000150.1	2860	misassembled
935	2420	1	1486	JARFXW010000226.1	WFIS01000151.1	96.5		True
translocation
142	1476	1487	2818	JARFXW010000224.1	WFIS01000151.1	96.89		True
CONTIG	WFIS01000151.1	2818	misassembled
26206	28475	2771	507	JARFXW010000015.1	WFIS01000152.1	97.22		True
CONTIG	WFIS01000152.1	2771	correct
5495	8191	1	2703	JARFXW010000035.1	WFIS01000153.1	97.01		True
CONTIG	WFIS01000153.1	2703	correct
CONTIG	WFIS01000154.1	2672	unaligned
34798	35860	1	1060	JARFXW010000041.1	WFIS01000155.1	99.0		True
translocation
1	1617	1061	2668	JARFXW010000122.1	WFIS01000155.1	96.91		True
CONTIG	WFIS01000155.1	2668	misassembled
187	2786	1	2602	JARFXW010000189.1	WFIS01000156.1	99.12		True
CONTIG	WFIS01000156.1	2602	correct
323	2894	1	2571	JARFXW010000197.1	WFIS01000157.1	95.57		True
CONTIG	WFIS01000157.1	2571	correct
40997	41810	2441	1627	JARFXW010000031.1	WFIS01000158.1	97.55		True
CONTIG	WFIS01000158.1	2441	correct_unaligned
814	1379	161	724	JARFXW010000190.1	WFIS01000159.1	97.87		True
translocation
1238	2760	2247	725	JARFXW010000273.1	WFIS01000159.1	95.27		True
CONTIG	WFIS01000159.1	2247	misassembled
4628652	4701020	78091	5519	CM057399.1	WFIS01000015.1	98.42		True
local misassembly
4614765	4627989	91397	78094	CM057399.1	WFIS01000015.1	97.55		True
relocation, inconsistency = 1995
4609985	4612347	94182	91820	CM057399.1	WFIS01000015.1	96.41		True
relocation, inconsistency = 4815
4601549	4604947	97806	94405	CM057399.1	WFIS01000015.1	95.39		True
translocation
4463185	4690626	324940	97829	CM057401.1	WFIS01000015.1	98.76		True
local misassembly
4274935	4463158	514165	325848	CM057401.1	WFIS01000015.1	99.15		True
local misassembly
4175027	4274423	613398	514166	CM057401.1	WFIS01000015.1	98.11		True
local misassembly
4110837	4174589	676887	613459	CM057401.1	WFIS01000015.1	98.32		True
CONTIG	WFIS01000015.1	676967	misassembled
29182	29557	376	1	JARFXW010000015.1	WFIS01000160.1	100.0		True
relocation, inconsistency = -7998
35333	37179	2223	377	JARFXW010000015.1	WFIS01000160.1	98.27		True
CONTIG	WFIS01000160.1	2223	misassembled
37	541	528	25	JARFXW010000307.1	WFIS01000161.1	95.84		True
translocation
2454	2808	529	883	JARFXW010000019.1	WFIS01000161.1	97.8		True
translocation
116	348	1384	1148	JARFXW010000189.1	WFIS01000161.1	95.36		True
CONTIG	WFIS01000161.1	2130	misassembled
3868061	3868173	2051	1944	CM057401.1	WFIS01000162.1	95.58		True
CONTIG	WFIS01000162.1	2075	correct_unaligned
842	916	2	76	JARFXW010000067.1	WFIS01000163.1	98.67		True
CONTIG	WFIS01000163.1	2070	correct_unaligned
2247397	2249396	2000	1	CM057398.1	WFIS01000164.1	98.35		True
CONTIG	WFIS01000164.1	2000	correct
CONTIG	WFIS01000165.1	1909	unaligned
2105	3358	2	1255	JARFXW010000224.1	WFIS01000166.1	96.65		True
CONTIG	WFIS01000166.1	1723	correct
CONTIG	WFIS01000167.1	1583	unaligned
50560	50930	1	371	JARFXW010000030.1	WFIS01000168.1	98.11		True
translocation
2722	3358	1546	909	JARFXW010000224.1	WFIS01000168.1	95.3		True
CONTIG	WFIS01000168.1	1546	misassembled
1368907	1461521	15	92534	CM057399.1	WFIS01000016.1	99.36		True
local misassembly
1461761	1524052	92535	154935	CM057399.1	WFIS01000016.1	98.69		True
local misassembly
1525601	1625593	156411	256459	CM057399.1	WFIS01000016.1	98.32		True
local misassembly
1625952	1630412	256837	261293	CM057399.1	WFIS01000016.1	97.05		True
local misassembly
1630903	1644402	261342	274820	CM057399.1	WFIS01000016.1	98.19		True
relocation, inconsistency = -3879
1644590	1707425	278887	341829	CM057399.1	WFIS01000016.1	98.93		True
local misassembly
1707632	1845329	341830	479742	CM057399.1	WFIS01000016.1	97.57		True
local misassembly
1849507	1962017	483864	596212	CM057399.1	WFIS01000016.1	97.74		True
translocation
4151212	4215468	660928	596718	CM057397.1	WFIS01000016.1	98.79		True
relocation, inconsistency = 2081
4143148	4145954	666911	664105	CM057397.1	WFIS01000016.1	96.08		True
CONTIG	WFIS01000016.1	670834	misassembled
28710	30253	1545	1	JARFXW010000041.1	WFIS01000169.1	96.25		True
CONTIG	WFIS01000169.1	1545	correct
43056	44171	1	1116	JARFXW010000031.1	WFIS01000170.1	98.3		True
translocation
11017	11307	1483	1192	JARFXW010000052.1	WFIS01000170.1	96.92		True
CONTIG	WFIS01000170.1	1483	misassembled
49192	50636	1	1447	JARFXW010000030.1	WFIS01000171.1	97.93		True
CONTIG	WFIS01000171.1	1447	correct
3588	5041	1	1446	JARFXW010000122.1	WFIS01000172.1	98.62		True
CONTIG	WFIS01000172.1	1446	correct
5693	5851	1	159	JARFXW010000154.1	WFIS01000173.1	96.94		True
translocation
2178	3439	1420	160	JARFXW010000134.1	WFIS01000173.1	97.07		True
CONTIG	WFIS01000173.1	1420	misassembled
372	1770	1400	1	JARFXW010000134.1	WFIS01000174.1	96.43		True
CONTIG	WFIS01000174.1	1400	correct
21041	22342	1305	4	JARFXW010000041.1	WFIS01000175.1	98.08		True
CONTIG	WFIS01000175.1	1305	correct
4354	4453	383	284	JARFXW010000011.1	WFIS01000176.1	99.0		True
CONTIG	WFIS01000176.1	1213	correct_unaligned
1789	2927	1	1139	JARFXW010000035.1	WFIS01000177.1	96.05		True
CONTIG	WFIS01000177.1	1139	correct
10590	16729	20091	26218	CM057402.1	WFIS01000017.1	98.76		True
relocation, inconsistency = 4388
21118	79511	26219	84443	CM057402.1	WFIS01000017.1	98.1		True
local misassembly
79506	139805	84688	144945	CM057402.1	WFIS01000017.1	97.17		True
local misassembly
140303	176070	145291	180980	CM057402.1	WFIS01000017.1	97.1		True
local misassembly
177621	193228	182954	198525	CM057402.1	WFIS01000017.1	97.33		True
local misassembly
193238	245067	198782	250399	CM057402.1	WFIS01000017.1	96.75		True
local misassembly
245064	256075	251139	262183	CM057402.1	WFIS01000017.1	96.83		True
local misassembly
256461	401324	262184	406974	CM057402.1	WFIS01000017.1	97.53		True
local misassembly
403130	474620	408895	480464	CM057402.1	WFIS01000017.1	97.98		True
translocation
280320	301251	480465	501429	CM057404.1	WFIS01000017.1	97.96		True
local misassembly
302758	334436	502802	534492	CM057404.1	WFIS01000017.1	97.99		True
relocation, inconsistency = 1430
335867	436911	534493	635414	CM057404.1	WFIS01000017.1	97.47		True
translocation
24	1916	635427	637319	JARFXW010000012.1	WFIS01000017.1	98.73		True
relocation, inconsistency = 1086
6594	12708	640911	647014	JARFXW010000012.1	WFIS01000017.1	95.48		True
local misassembly
15018	34558	648400	667948	JARFXW010000012.1	WFIS01000017.1	96.78		True
CONTIG	WFIS01000017.1	668030	misassembled
311149	311603	110	562	JARFXW010000009.1	WFIS01000178.1	95.16		True
local misassembly
311594	311731	957	1093	JARFXW010000009.1	WFIS01000178.1	98.55		True
CONTIG	WFIS01000178.1	1111	correct
CONTIG	WFIS01000179.1	1078	unaligned
CONTIG	WFIS01000180.1	1077	unaligned
1453	2515	1	1062	JARFXW010000154.1	WFIS01000181.1	95.3		True
CONTIG	WFIS01000181.1	1062	correct
3599	4630	1032	1	JARFXW010000154.1	WFIS01000182.1	98.16		True
CONTIG	WFIS01000182.1	1046	correct
CONTIG	WFIS01000183.1	1028	unaligned
26	106	1	83	CM057402.1	WFIS01000184.1	97.59		True
CONTIG	WFIS01000184.1	963	correct_unaligned
2232	3159	928	1	JARFXW010000122.1	WFIS01000185.1	99.25		True
CONTIG	WFIS01000185.1	928	correct
1	828	90	917	JARFXW010000221.1	WFIS01000186.1	96.62		True
CONTIG	WFIS01000186.1	917	correct
2249320	2249880	1	560	CM057398.1	WFIS01000187.1	97.33		True
translocation
25463	25795	893	561	JARFXW010000122.1	WFIS01000187.1	97.05		True
CONTIG	WFIS01000187.1	893	misassembled
73622	79318	682	6255	JARFXW010000227.1	WFIS01000018.1	96.81		True
translocation
3636774	3643858	39233	32155	CM057397.1	WFIS01000018.1	98.98		True
local misassembly
3537611	3636654	138478	39642	CM057397.1	WFIS01000018.1	97.94		True
local misassembly
3520167	3535000	155865	141018	CM057397.1	WFIS01000018.1	97.68		True
local misassembly
3513940	3519328	161535	156152	CM057397.1	WFIS01000018.1	95.82		True
relocation, inconsistency = 5123
3488380	3508816	182012	161536	CM057397.1	WFIS01000018.1	96.97		True
relocation, inconsistency = 5163
3388816	3483216	276453	182013	CM057397.1	WFIS01000018.1	98.09		True
local misassembly
3369284	3386700	295809	278583	CM057397.1	WFIS01000018.1	98.13		True
relocation, inconsistency = -1509
3296700	3369283	369926	297319	CM057397.1	WFIS01000018.1	97.73		True
local misassembly
3254603	3295710	412196	371049	CM057397.1	WFIS01000018.1	97.6		True
local misassembly
3181442	3254147	485629	412699	CM057397.1	WFIS01000018.1	97.23		True
relocation, inconsistency = 2183
3159546	3172461	505360	492427	CM057397.1	WFIS01000018.1	96.74		True
relocation, inconsistency = 45430
3093633	3099359	525935	520117	CM057397.1	WFIS01000018.1	97.03		True
relocation, inconsistency = -1290
3082533	3093634	538309	527224	CM057397.1	WFIS01000018.1	98.35		True
relocation, inconsistency = -103671
3108306	3149289	616178	575224	CM057397.1	WFIS01000018.1	98.16		True
CONTIG	WFIS01000018.1	644631	misassembled
29407	30253	1	847	JARFXW010000041.1	WFIS01000188.1	99.53		True
CONTIG	WFIS01000188.1	847	correct
5	158	666	819	JARFXW010000224.1	WFIS01000189.1	96.75		True
CONTIG	WFIS01000189.1	819	correct_unaligned
CONTIG	WFIS01000190.1	813	unaligned
28116	28475	805	446	JARFXW010000015.1	WFIS01000191.1	96.67		True
CONTIG	WFIS01000191.1	807	correct
2522852	2541797	138	19018	CM057399.1	WFIS01000019.1	97.94		True
local misassembly
2542087	2728119	19019	205013	CM057399.1	WFIS01000019.1	98.47		True
local misassembly
2728352	2741940	205029	218446	CM057399.1	WFIS01000019.1	95.83		True
local misassembly
2750295	2758982	226890	235578	CM057399.1	WFIS01000019.1	97.1		True
indel: indel (> 5bp)
2759015	2759242	235579	235806	CM057399.1	WFIS01000019.1	97.37		True
indel: indel (> 5bp)
2759243	2761570	235962	238271	CM057399.1	WFIS01000019.1	96.99		True
local misassembly
2764221	2769779	241660	247233	CM057399.1	WFIS01000019.1	95.2		True
relocation, inconsistency = 5869
2775826	2795846	247411	267411	CM057399.1	WFIS01000019.1	96.82		True
local misassembly
2802684	2807351	274378	279076	CM057399.1	WFIS01000019.1	95.13		True
relocation, inconsistency = -2431
2807829	2808262	281985	282417	CM057399.1	WFIS01000019.1	97.93		True
local misassembly
2809105	2845886	282583	319407	CM057399.1	WFIS01000019.1	98.5		True
local misassembly
2845896	2903078	319680	376868	CM057399.1	WFIS01000019.1	98.81		True
local misassembly
2903419	3003717	376876	477156	CM057399.1	WFIS01000019.1	99.27		True
local misassembly
3003959	3053800	477157	527008	CM057399.1	WFIS01000019.1	98.97		True
translocation
7628296	7717616	527009	616372	CM057398.1	WFIS01000019.1	98.94		True
CONTIG	WFIS01000019.1	616399	misassembled
123022	279671	86830	243177	CM057400.1	WFIS01000001.1	98.03		True
relocation, inconsistency = 9225
289412	409131	243693	363430	CM057400.1	WFIS01000001.1	97.96		True
local misassembly
409133	414797	364319	369973	CM057400.1	WFIS01000001.1	98.11		True
indel: indel (<= 5bp)
414977	453727	370149	408901	CM057400.1	WFIS01000001.1	98.8		True
local misassembly
453979	726446	408902	681148	CM057400.1	WFIS01000001.1	98.62		True
translocation
612482	702278	681149	770897	CM057401.1	WFIS01000001.1	97.78		True
local misassembly
702653	778775	771312	847498	CM057401.1	WFIS01000001.1	96.95		True
local misassembly
784741	819299	853005	887634	CM057401.1	WFIS01000001.1	96.31		True
relocation, inconsistency = -6199
821630	863204	896164	937740	CM057401.1	WFIS01000001.1	97.62		True
local misassembly
863557	871974	937741	946112	CM057401.1	WFIS01000001.1	96.48		True
relocation, inconsistency = 38246
910626	943626	946518	979537	CM057401.1	WFIS01000001.1	99.15		True
local misassembly
944204	950059	979834	985684	CM057401.1	WFIS01000001.1	97.24		True
local misassembly
950294	960386	985694	995780	CM057401.1	WFIS01000001.1	98.34		True
relocation, inconsistency = -6317
960782	1065880	1002493	1107899	CM057401.1	WFIS01000001.1	98.03		True
local misassembly
1066225	1136063	1107900	1177789	CM057401.1	WFIS01000001.1	99.44		True
local misassembly
1136291	1235581	1177794	1277085	CM057401.1	WFIS01000001.1	99.69		True
local misassembly
1235864	1253951	1277092	1295197	CM057401.1	WFIS01000001.1	96.37		True
relocation, inconsistency = -3196
1264879	1319752	1309321	1364305	CM057401.1	WFIS01000001.1	96.82		True
local misassembly
1319830	1346036	1364645	1390868	CM057401.1	WFIS01000001.1	96.87		True
relocation, inconsistency = 1243
1348113	1354620	1391702	1398214	CM057401.1	WFIS01000001.1	95.45		True
relocation, inconsistency = -4427
1362150	1402214	1410171	1450361	CM057401.1	WFIS01000001.1	97.14		True
local misassembly
1402903	1617218	1451049	1665411	CM057401.1	WFIS01000001.1	98.9		True
local misassembly
1617558	1681923	1665434	1729791	CM057401.1	WFIS01000001.1	99.16		True
local misassembly
1681696	1755816	1729792	1803742	CM057401.1	WFIS01000001.1	99.04		True
CONTIG	WFIS01000001.1	1803798	misassembled
1913027	1934656	21870	114	CM057402.1	WFIS01000020.1	95.84		True
relocation, inconsistency = 5572
1885035	1907056	44329	22269	CM057402.1	WFIS01000020.1	98.23		True
relocation, inconsistency = -4942
1839170	1885028	95011	49278	CM057402.1	WFIS01000020.1	97.82		True
relocation, inconsistency = 180754
2065812	2127194	95041	156351	CM057402.1	WFIS01000020.1	97.4		True
relocation, inconsistency = -4800
2132922	2137679	166879	171615	CM057402.1	WFIS01000020.1	98.24		True
relocation, inconsistency = 42726
2180406	2184816	171616	176008	CM057402.1	WFIS01000020.1	95.56		True
relocation, inconsistency = -2404
2184881	2187041	178477	180638	CM057402.1	WFIS01000020.1	95.37		True
indel: indel (> 5bp)
2187042	2190237	180668	183859	CM057402.1	WFIS01000020.1	95.65		True
local misassembly
2197444	2206020	191342	199912	CM057402.1	WFIS01000020.1	95.73		True
local misassembly
2206431	2233398	199913	226772	CM057402.1	WFIS01000020.1	97.35		True
relocation, inconsistency = -4190
2233397	2256470	230961	254008	CM057402.1	WFIS01000020.1	96.09		True
relocation, inconsistency = 2819
2273040	2281592	267759	276306	CM057402.1	WFIS01000020.1	97.35		True
indel: indel (> 5bp)
2281796	2285060	276330	279604	CM057402.1	WFIS01000020.1	95.66		True
local misassembly
2288554	2321402	282587	315587	CM057402.1	WFIS01000020.1	95.51		True
relocation, inconsistency = -3468
2323834	2338327	321487	335981	CM057402.1	WFIS01000020.1	96.29		True
local misassembly
2338569	2349433	335982	346848	CM057402.1	WFIS01000020.1	97.24		True
local misassembly
2349774	2398561	346849	395616	CM057402.1	WFIS01000020.1	97.75		True
relocation, inconsistency = -1522
2399992	2412955	398569	411471	CM057402.1	WFIS01000020.1	95.31		True
translocation
33656	60448	414894	441681	CM057404.1	WFIS01000020.1	96.52		True
indel: indel (> 5bp)
60594	80614	441816	461826	CM057404.1	WFIS01000020.1	97.14		True
local misassembly
81237	107381	462070	488212	CM057404.1	WFIS01000020.1	96.64		True
local misassembly
108594	109179	489429	490015	CM057404.1	WFIS01000020.1	97.27		True
local misassembly
111031	220416	491750	600942	CM057404.1	WFIS01000020.1	98.14		True
relocation, inconsistency = 27896
248328	251026	600958	603683	CM057404.1	WFIS01000020.1	97.11		True
CONTIG	WFIS01000020.1	603759	misassembled
2172045	2175580	1	3536	CM057402.1	WFIS01000021.1	98.64		True
relocation, inconsistency = -52619
2138523	2157509	19098	38121	CM057402.1	WFIS01000021.1	97.77		True
relocation, inconsistency = 4965
2162475	2171833	38122	47605	CM057402.1	WFIS01000021.1	97.35		True
translocation
23	23748	71329	47606	JARFXW010000015.1	WFIS01000021.1	98.55		True
translocation
2407948	2497177	71330	160647	CM057400.1	WFIS01000021.1	98.61		True
relocation, inconsistency = -10443
2497178	2514383	171091	188312	CM057400.1	WFIS01000021.1	98.54		True
local misassembly
2518705	2568977	193550	243535	CM057400.1	WFIS01000021.1	97.62		True
relocation, inconsistency = -2657
2569272	2581501	246487	258687	CM057400.1	WFIS01000021.1	96.35		True
local misassembly
2581923	2614090	258689	290921	CM057400.1	WFIS01000021.1	98.73		True
relocation, inconsistency = 2817
2617893	2751530	291907	425479	CM057400.1	WFIS01000021.1	96.96		True
relocation, inconsistency = -5258
2769703	2779840	448910	459050	CM057400.1	WFIS01000021.1	96.05		True
relocation, inconsistency = -11693
2806758	2827211	497661	518073	CM057400.1	WFIS01000021.1	96.61		True
relocation, inconsistency = 6392
2833801	2844074	518271	528525	CM057400.1	WFIS01000021.1	97.33		True
translocation
4961758	4966209	531345	535812	CM057397.1	WFIS01000021.1	95.8		True
relocation, inconsistency = 1188
4970370	4988056	538785	556422	CM057397.1	WFIS01000021.1	97.71		True
local misassembly
4988493	4989738	556424	557669	CM057397.1	WFIS01000021.1	97.35		True
local misassembly
4990100	4999613	557741	567262	CM057397.1	WFIS01000021.1	97.36		True
CONTIG	WFIS01000021.1	567302	misassembled
3700855	3804029	4	103170	CM057399.1	WFIS01000022.1	98.68		True
local misassembly
3804477	3860324	103547	159645	CM057399.1	WFIS01000022.1	95.28		True
local misassembly
3860566	3861503	159646	160583	CM057399.1	WFIS01000022.1	97.31		True
local misassembly
3861745	3861832	160584	160671	CM057399.1	WFIS01000022.1	98.69		True
indel: indel (> 5bp)
3861833	3862689	160693	161557	CM057399.1	WFIS01000022.1	95.03		True
local misassembly
3862858	3863124	161790	162058	CM057399.1	WFIS01000022.1	97.4		True
local misassembly
3863366	3866923	162059	165617	CM057399.1	WFIS01000022.1	97.62		True
local misassembly
3867165	3903073	165618	201301	CM057399.1	WFIS01000022.1	96.09		True
local misassembly
3904995	3979370	202803	277028	CM057399.1	WFIS01000022.1	95.15		True
local misassembly
3983503	4019616	281664	317918	CM057399.1	WFIS01000022.1	96.91		True
translocation
5506576	5510336	321669	317919	CM057398.1	WFIS01000022.1	98.65		True
local misassembly
5344451	5505916	483032	321683	CM057398.1	WFIS01000022.1	98.0		True
local misassembly
5279100	5344116	548011	483035	CM057398.1	WFIS01000022.1	98.97		True
local misassembly
5271545	5277594	556145	550094	CM057398.1	WFIS01000022.1	99.21		True
CONTIG	WFIS01000022.1	556177	misassembled
4657217	4832114	1	175106	CM057398.1	WFIS01000023.1	99.18		True
translocation
1262843	1278886	175112	191159	CM057397.1	WFIS01000023.1	99.83		True
local misassembly
1279105	1346093	191160	258106	CM057397.1	WFIS01000023.1	98.81		True
local misassembly
1346393	1409283	258113	321148	CM057397.1	WFIS01000023.1	98.71		True
local misassembly
1409525	1422178	321151	333853	CM057397.1	WFIS01000023.1	97.15		True
relocation, inconsistency = 24051
1448131	1457616	335755	345261	CM057397.1	WFIS01000023.1	96.37		True
local misassembly
1457849	1532089	345262	419513	CM057397.1	WFIS01000023.1	96.37		True
local misassembly
1532538	1586032	419969	473283	CM057397.1	WFIS01000023.1	96.89		True
local misassembly
1590018	1610318	477183	497509	CM057397.1	WFIS01000023.1	97.16		True
relocation, inconsistency = 3463
1613782	1649684	497510	533342	CM057397.1	WFIS01000023.1	97.37		True
relocation, inconsistency = 1410452
3063011	3070418	543583	536217	CM057397.1	WFIS01000023.1	95.29		True
local misassembly
3058965	3059040	546828	546755	CM057397.1	WFIS01000023.1	97.37		True
CONTIG	WFIS01000023.1	546828	misassembled
579083	849776	270606	16	CM057398.1	WFIS01000024.1	98.91		True
translocation
1234376	1262497	298798	270607	CM057397.1	WFIS01000024.1	98.38		True
relocation, inconsistency = -8679
1115330	1233648	426445	308205	CM057397.1	WFIS01000024.1	98.05		True
local misassembly
1005727	1112320	535822	429328	CM057397.1	WFIS01000024.1	98.75		True
CONTIG	WFIS01000024.1	535883	misassembled
2974212	2996224	22028	14	CM057401.1	WFIS01000025.1	99.26		True
local misassembly
2967498	2973905	28489	22083	CM057401.1	WFIS01000025.1	99.16		True
local misassembly
2900175	2967196	95578	28553	CM057401.1	WFIS01000025.1	99.45		True
translocation
90	35582	131091	95579	CM057397.1	WFIS01000025.1	99.09		True
translocation
22	108351	131105	239275	CM057398.1	WFIS01000025.1	98.45		True
local misassembly
108624	130731	239276	261343	CM057398.1	WFIS01000025.1	98.61		True
relocation, inconsistency = -1366
130732	131725	262710	263696	CM057398.1	WFIS01000025.1	95.69		True
indel: indel (> 5bp)
131901	151412	263896	283387	CM057398.1	WFIS01000025.1	96.71		True
inversion
151478	152013	283924	283388	CM057398.1	WFIS01000025.1	97.77		True
inversion
152014	204990	283989	337012	CM057398.1	WFIS01000025.1	99.54		True
local misassembly
205232	213624	337013	345383	CM057398.1	WFIS01000025.1	99.23		True
inversion
213625	214189	345946	345384	CM057398.1	WFIS01000025.1	95.75		True
inversion
214190	306720	345947	438482	CM057398.1	WFIS01000025.1	99.01		True
local misassembly
307202	381715	438501	512894	CM057398.1	WFIS01000025.1	99.28		True
CONTIG	WFIS01000025.1	512962	misassembled
1290292	1298559	25	8328	CM057400.1	WFIS01000026.1	97.56		True
local misassembly
1298807	1501866	8329	211241	CM057400.1	WFIS01000026.1	98.91		True
local misassembly
1502315	1616021	211793	325505	CM057400.1	WFIS01000026.1	97.51		True
local misassembly
1616263	1734994	325506	444312	CM057400.1	WFIS01000026.1	98.98		True
CONTIG	WFIS01000026.1	444357	correct
638893	815099	176040	48	CM057403.1	WFIS01000027.1	98.64		True
local misassembly
575595	638498	238792	176041	CM057403.1	WFIS01000027.1	95.98		True
local misassembly
489504	575587	324967	239044	CM057403.1	WFIS01000027.1	97.35		True
local misassembly
413980	489420	400765	325665	CM057403.1	WFIS01000027.1	96.66		True
inversion
402755	412225	401806	411232	CM057403.1	WFIS01000027.1	96.05		True
translocation
610176	610580	428896	428492	CM057398.1	WFIS01000027.1	95.56		True
translocation
391554	400858	434868	444147	CM057403.1	WFIS01000027.1	96.63		True
CONTIG	WFIS01000027.1	444200	misassembled
1913692	2022454	108895	79	CM057398.1	WFIS01000028.1	98.15		True
local misassembly
1877740	1913697	145061	109254	CM057398.1	WFIS01000028.1	98.89		True
local misassembly
1814726	1877270	207724	145062	CM057398.1	WFIS01000028.1	97.45		True
relocation, inconsistency = -1671
1806139	1814520	217995	209601	CM057398.1	WFIS01000028.1	96.69		True
local misassembly
1701690	1806138	323089	218421	CM057398.1	WFIS01000028.1	98.88		True
local misassembly
1584524	1701455	440059	323090	CM057398.1	WFIS01000028.1	99.03		True
CONTIG	WFIS01000028.1	440077	misassembled
1206706	1235416	28775	13	CM057399.1	WFIS01000029.1	98.82		True
local misassembly
1169530	1206384	65413	28776	CM057399.1	WFIS01000029.1	98.61		True
local misassembly
912399	1169269	322009	65416	CM057399.1	WFIS01000029.1	98.47		True
local misassembly
843773	912041	390213	322040	CM057399.1	WFIS01000029.1	97.92		True
CONTIG	WFIS01000029.1	421444	correct
1456931	1584525	127585	1	CM057398.1	WFIS01000002.1	98.73		True
local misassembly
1399164	1456662	185167	127586	CM057398.1	WFIS01000002.1	98.03		True
local misassembly
1322994	1396069	261342	188280	CM057398.1	WFIS01000002.1	98.53		True
relocation, inconsistency = -6115
1305953	1322407	284369	268044	CM057398.1	WFIS01000002.1	96.27		True
local misassembly
1302152	1305699	287908	284376	CM057398.1	WFIS01000002.1	97.21		True
local misassembly
1296845	1301825	293012	288027	CM057398.1	WFIS01000002.1	97.03		True
local misassembly
1281616	1296679	308410	293348	CM057398.1	WFIS01000002.1	95.15		True
local misassembly
1247962	1281618	342368	308670	CM057398.1	WFIS01000002.1	97.49		True
local misassembly
1245889	1246275	344777	344390	CM057398.1	WFIS01000002.1	99.48		True
relocation, inconsistency = -5166
1231538	1245895	364206	349937	CM057398.1	WFIS01000002.1	99.2		True
relocation, inconsistency = 3092
1214307	1228445	378338	364207	CM057398.1	WFIS01000002.1	99.55		True
local misassembly
1167758	1214274	425245	378702	CM057398.1	WFIS01000002.1	98.62		True
local misassembly
1142415	1166002	450921	427294	CM057398.1	WFIS01000002.1	98.32		True
relocation, inconsistency = 1086830
2252833	2265682	450922	463797	CM057398.1	WFIS01000002.1	95.67		True
local misassembly
2266900	2267055	465665	465820	CM057398.1	WFIS01000002.1	99.36		True
relocation, inconsistency = -4755
2267265	2279579	470785	483119	CM057398.1	WFIS01000002.1	95.92		True
local misassembly
2279862	2316428	483144	519672	CM057398.1	WFIS01000002.1	98.23		True
relocation, inconsistency = -4116
2318708	2323597	526068	530936	CM057398.1	WFIS01000002.1	95.19		True
relocation, inconsistency = -9586
2323601	2328568	540526	545489	CM057398.1	WFIS01000002.1	97.34		True
relocation, inconsistency = -1494
2328565	2525323	546980	743587	CM057398.1	WFIS01000002.1	98.89		True
local misassembly
2525322	2577941	744107	796691	CM057398.1	WFIS01000002.1	98.15		True
relocation, inconsistency = -11497
2583508	2628495	813755	858853	CM057398.1	WFIS01000002.1	96.26		True
local misassembly
2629177	2635161	859289	865257	CM057398.1	WFIS01000002.1	96.24		True
local misassembly
2635912	2668426	865258	897833	CM057398.1	WFIS01000002.1	96.49		True
local misassembly
2668909	2674136	898050	903281	CM057398.1	WFIS01000002.1	95.87		True
local misassembly
2674886	2720805	903601	949567	CM057398.1	WFIS01000002.1	96.76		True
local misassembly
2721297	2775971	949582	1004385	CM057398.1	WFIS01000002.1	96.45		True
relocation, inconsistency = -4916
2775966	2784238	1009296	1017566	CM057398.1	WFIS01000002.1	98.77		True
relocation, inconsistency = -2118
2804445	2824982	1039891	1060456	CM057398.1	WFIS01000002.1	97.16		True
relocation, inconsistency = -1259
2825061	2935756	1061794	1172321	CM057398.1	WFIS01000002.1	98.39		True
relocation, inconsistency = 19287
2955044	3014934	1172322	1231986	CM057398.1	WFIS01000002.1	97.51		True
relocation, inconsistency = 8470
3028337	3059979	1236919	1268455	CM057398.1	WFIS01000002.1	96.44		True
local misassembly
3060539	3079357	1269257	1288080	CM057398.1	WFIS01000002.1	96.57		True
relocation, inconsistency = 1697
3082759	3102917	1289785	1309952	CM057398.1	WFIS01000002.1	98.23		True
local misassembly
3103361	3143600	1309954	1350083	CM057398.1	WFIS01000002.1	97.44		True
relocation, inconsistency = 5164
3148765	3170460	1350084	1371768	CM057398.1	WFIS01000002.1	97.78		True
relocation, inconsistency = 2823
3179242	3201367	1377727	1399838	CM057398.1	WFIS01000002.1	98.31		True
relocation, inconsistency = 5133
3206501	3279923	1399839	1473140	CM057398.1	WFIS01000002.1	99.24		True
local misassembly
3280164	3284148	1473141	1477124	CM057398.1	WFIS01000002.1	98.55		True
local misassembly
3287178	3329412	1480219	1522573	CM057398.1	WFIS01000002.1	96.8		True
translocation
3665981	3673109	1525163	1532298	CM057397.1	WFIS01000002.1	95.35		True
local misassembly
3673116	3703125	1532661	1562934	CM057397.1	WFIS01000002.1	96.1		True
local misassembly
3703372	3705242	1562937	1564736	CM057397.1	WFIS01000002.1	95.94		True
CONTIG	WFIS01000002.1	1564774	misassembled
2424698	2449679	24930	3	CM057402.1	WFIS01000030.1	98.52		True
local misassembly
2415779	2422449	33885	27211	CM057402.1	WFIS01000030.1	95.63		True
translocation
726696	820166	33909	127446	CM057400.1	WFIS01000030.1	98.73		True
relocation, inconsistency = -2062
820292	828691	129634	138035	CM057400.1	WFIS01000030.1	98.98		True
relocation, inconsistency = 2168
834199	872013	141375	179181	CM057400.1	WFIS01000030.1	98.34		True
local misassembly
872498	1091179	179182	397262	CM057400.1	WFIS01000030.1	99.13		True
translocation
113323	131476	415468	397313	JARFXW010000032.1	WFIS01000030.1	99.46		True
CONTIG	WFIS01000030.1	415528	misassembled
2484858	2534849	1	50011	CM057401.1	WFIS01000031.1	97.6		True
relocation, inconsistency = 6028
2540878	2630025	50012	139014	CM057401.1	WFIS01000031.1	97.79		True
local misassembly
2630280	2639689	139015	148419	CM057401.1	WFIS01000031.1	96.34		True
relocation, inconsistency = 1641
2665500	2690971	172589	197923	CM057401.1	WFIS01000031.1	96.48		True
local misassembly
2691280	2834288	197924	340830	CM057401.1	WFIS01000031.1	99.35		True
local misassembly
2834697	2899860	340831	406007	CM057401.1	WFIS01000031.1	99.48		True
relocation, inconsistency = 350458
2476427	2484238	413831	406008	CM057401.1	WFIS01000031.1	99.36		True
CONTIG	WFIS01000031.1	413845	misassembled
4744093	4828940	84880	69	CM057399.1	WFIS01000032.1	98.97		True
relocation, inconsistency = -1819
4705146	4744092	125659	86700	CM057399.1	WFIS01000032.1	99.7		True
relocation, inconsistency = 1032321
3570323	3672766	125668	228001	CM057399.1	WFIS01000032.1	99.07		True
relocation, inconsistency = 185971
3275062	3384351	337306	228002	CM057399.1	WFIS01000032.1	99.2		True
local misassembly
3233886	3274573	378007	337312	CM057399.1	WFIS01000032.1	98.45		True
CONTIG	WFIS01000032.1	378017	misassembled
4046710	4133824	24	86796	CM057402.1	WFIS01000033.1	97.9		True
relocation, inconsistency = 3904
4137826	4159620	86894	108687	CM057402.1	WFIS01000033.1	97.68		True
local misassembly
4159900	4223913	108688	172725	CM057402.1	WFIS01000033.1	97.44		True
relocation, inconsistency = -3574
4225112	4256579	177498	209018	CM057402.1	WFIS01000033.1	98.09		True
local misassembly
4259033	4291673	210975	243665	CM057402.1	WFIS01000033.1	98.16		True
local misassembly
4292160	4301426	244248	253537	CM057402.1	WFIS01000033.1	95.96		True
translocation
3991097	4008146	270813	253540	CM057398.1	WFIS01000033.1	95.59		True
local misassembly
3986845	3991055	275497	271288	CM057398.1	WFIS01000033.1	98.84		True
relocation, inconsistency = 3168
3979992	3983676	275498	279183	CM057398.1	WFIS01000033.1	96.59		True
local misassembly
3983809	3986847	279390	282428	CM057398.1	WFIS01000033.1	98.65		True
relocation, inconsistency = -23087
3972749	3974791	316573	314533	CM057398.1	WFIS01000033.1	95.11		True
relocation, inconsistency = -1756
3965902	3972372	325117	318706	CM057398.1	WFIS01000033.1	95.95		True
relocation, inconsistency = -4525
3952633	3965900	342915	329644	CM057398.1	WFIS01000033.1	97.71		True
local misassembly
3922977	3952376	372458	343165	CM057398.1	WFIS01000033.1	97.02		True
CONTIG	WFIS01000033.1	372488	misassembled
674208	684652	10712	188	CM057404.1	WFIS01000034.1	99.13		True
local misassembly
575992	673783	108362	10713	CM057404.1	WFIS01000034.1	99.59		True
local misassembly
437223	575656	246582	108363	CM057404.1	WFIS01000034.1	99.05		True
translocation
3445729	3570004	370881	246585	CM057399.1	WFIS01000034.1	98.79		True
CONTIG	WFIS01000034.1	370927	misassembled
4609408	4693351	1	83961	CM057397.1	WFIS01000035.1	98.94		True
local misassembly
4693565	4822318	83962	212218	CM057397.1	WFIS01000035.1	99.15		True
local misassembly
4822561	4826233	212219	215891	CM057397.1	WFIS01000035.1	99.78		True
local misassembly
4826534	4870403	215892	259731	CM057397.1	WFIS01000035.1	99.38		True
local misassembly
4870628	4901282	259732	290202	CM057397.1	WFIS01000035.1	97.47		True
local misassembly
4901685	4903669	290203	292201	CM057397.1	WFIS01000035.1	96.01		True
indel: indel (> 5bp)
4903736	4909376	292202	297872	CM057397.1	WFIS01000035.1	96.01		True
indel: indel (> 5bp)
4909377	4910303	297894	298840	CM057397.1	WFIS01000035.1	96.62		True
indel: indel (> 5bp)
4910330	4910647	298841	299161	CM057397.1	WFIS01000035.1	98.44		True
local misassembly
4911422	4911832	299794	300203	CM057397.1	WFIS01000035.1	97.08		True
indel: indel (> 5bp)
4911889	4912792	300204	301108	CM057397.1	WFIS01000035.1	95.36		True
relocation, inconsistency = 1876
4914669	4931296	301109	317776	CM057397.1	WFIS01000035.1	96.14		True
relocation, inconsistency = 1494
4932791	4936632	317777	321614	CM057397.1	WFIS01000035.1	97.74		True
relocation, inconsistency = 11437
4953062	4955414	326607	328919	CM057397.1	WFIS01000035.1	96.22		True
indel: indel (> 5bp)
4955594	4957406	328920	330730	CM057397.1	WFIS01000035.1	96.08		True
indel: indel (> 5bp)
4957407	4957707	330799	331102	CM057397.1	WFIS01000035.1	96.71		True
translocation
1992241	2003121	334867	345709	CM057401.1	WFIS01000035.1	95.39		True
relocation, inconsistency = 4599
2007721	2009942	347904	345710	CM057401.1	WFIS01000035.1	95.42		True
relocation, inconsistency = -7620
2006975	2007725	356269	355520	CM057401.1	WFIS01000035.1	97.22		True
CONTIG	WFIS01000035.1	356319	misassembled
22780	66017	43365	38	JARFXW010000010.1	WFIS01000036.1	96.51		True
relocation, inconsistency = -6402
18451	21324	54100	51223	JARFXW010000010.1	WFIS01000036.1	95.9		True
local misassembly
13651	16378	58908	56182	JARFXW010000010.1	WFIS01000036.1	98.35		True
local misassembly
48	12980	71917	59021	JARFXW010000010.1	WFIS01000036.1	97.93		True
translocation
2198633	2246748	71934	120019	CM057401.1	WFIS01000036.1	97.15		True
local misassembly
2250036	2255158	123382	128506	CM057401.1	WFIS01000036.1	96.56		True
local misassembly
2255491	2476443	128516	349307	CM057401.1	WFIS01000036.1	98.03		True
CONTIG	WFIS01000036.1	349361	misassembled
3518	179903	53	176629	CM057403.1	WFIS01000037.1	98.48		True
translocation
5290579	5290944	177000	176635	CM057401.1	WFIS01000037.1	97.27		True
indel: indel (> 5bp)
5289045	5290565	178675	177156	CM057401.1	WFIS01000037.1	95.07		True
relocation, inconsistency = -2190
5233592	5288093	236247	181817	CM057401.1	WFIS01000037.1	97.4		True
local misassembly
5226935	5233080	242894	236772	CM057401.1	WFIS01000037.1	95.38		True
local misassembly
5199681	5226405	270227	243463	CM057401.1	WFIS01000037.1	98.53		True
local misassembly
5126613	5199234	342887	270228	CM057401.1	WFIS01000037.1	97.2		True
CONTIG	WFIS01000037.1	342941	misassembled
1734969	1860475	27	125401	CM057400.1	WFIS01000038.1	98.51		True
relocation, inconsistency = -1359
1862170	1951640	128455	217819	CM057400.1	WFIS01000038.1	98.3		True
translocation
148	2513	220182	217820	JARFXW010000082.1	WFIS01000038.1	98.87		True
translocation
8386732	8394723	220183	228177	CM057398.1	WFIS01000038.1	99.25		True
relocation, inconsistency = -1523
8402365	8468346	237342	303286	CM057398.1	WFIS01000038.1	98.26		True
local misassembly
8468697	8504940	303296	339606	CM057398.1	WFIS01000038.1	97.95		True
CONTIG	WFIS01000038.1	339674	misassembled
8360053	8381833	21787	22	CM057398.1	WFIS01000039.1	98.26		True
local misassembly
8342795	8359831	39077	22007	CM057398.1	WFIS01000039.1	98.17		True
relocation, inconsistency = -4002
8328839	8340285	57038	45589	CM057398.1	WFIS01000039.1	96.59		True
local misassembly
8303372	8327577	82284	58087	CM057398.1	WFIS01000039.1	95.56		True
relocation, inconsistency = 7042
8257125	8296311	121539	82303	CM057398.1	WFIS01000039.1	97.49		True
relocation, inconsistency = -2684
8230787	8257079	150460	124269	CM057398.1	WFIS01000039.1	97.41		True
local misassembly
8199621	8230460	181648	150815	CM057398.1	WFIS01000039.1	98.26		True
local misassembly
8116950	8199623	264796	182056	CM057398.1	WFIS01000039.1	98.02		True
relocation, inconsistency = -4037
8050283	8116735	335448	269048	CM057398.1	WFIS01000039.1	98.38		True
CONTIG	WFIS01000039.1	335485	misassembled
1142243	1289355	147143	1	CM057403.1	WFIS01000003.1	99.59		True
translocation
2464159	2559781	147165	242711	CM057402.1	WFIS01000003.1	99.31		True
local misassembly
2560191	2599785	242712	282294	CM057402.1	WFIS01000003.1	99.32		True
local misassembly
2600073	2719110	282295	401309	CM057402.1	WFIS01000003.1	98.4		True
local misassembly
2719738	2800048	401318	481768	CM057402.1	WFIS01000003.1	99.08		True
local misassembly
2800290	3151996	481769	833168	CM057402.1	WFIS01000003.1	98.04		True
local misassembly
3152751	3155113	833930	836291	CM057402.1	WFIS01000003.1	95.22		True
local misassembly
3155838	3187246	836292	867710	CM057402.1	WFIS01000003.1	97.41		True
local misassembly
3187551	3259561	867725	939643	CM057402.1	WFIS01000003.1	99.21		True
local misassembly
3259786	3644457	939644	1324224	CM057402.1	WFIS01000003.1	99.23		True
local misassembly
3644911	3646868	1324239	1326189	CM057402.1	WFIS01000003.1	96.91		True
relocation, inconsistency = -24030
3656312	3772871	1359663	1475970	CM057402.1	WFIS01000003.1	98.4		True
local misassembly
3772868	3777141	1476281	1480553	CM057402.1	WFIS01000003.1	97.52		True
local misassembly
3778303	3821946	1480955	1524577	CM057402.1	WFIS01000003.1	99.14		True
CONTIG	WFIS01000003.1	1524601	misassembled
994354	1142251	147740	52	CM057403.1	WFIS01000040.1	99.32		True
local misassembly
969975	993847	171660	147741	CM057403.1	WFIS01000040.1	99.05		True
local misassembly
968731	969530	172470	171670	CM057403.1	WFIS01000040.1	97.96		True
local misassembly
955894	968289	184843	172471	CM057403.1	WFIS01000040.1	99.17		True
relocation, inconsistency = -4562
950512	954773	190526	194804	CM057403.1	WFIS01000040.1	95.48		True
relocation, inconsistency = 8801
815797	933222	320692	203293	CM057403.1	WFIS01000040.1	98.99		True
CONTIG	WFIS01000040.1	320692	misassembled
4496358	4498161	1807	5	CM057397.1	WFIS01000041.1	99.56		True
local misassembly
4278847	4496135	219224	1808	CM057397.1	WFIS01000041.1	98.8		True
local misassembly
4215873	4277767	282157	220296	CM057397.1	WFIS01000041.1	97.74		True
translocation
221143	257534	318567	282166	CM057399.1	WFIS01000041.1	99.28		True
CONTIG	WFIS01000041.1	318628	misassembled
4594090	4596228	6259	4124	CM057399.1	WFIS01000042.1	95.1		True
relocation, inconsistency = -1130
4532680	4593851	68727	7628	CM057399.1	WFIS01000042.1	97.74		True
local misassembly
4476224	4532239	124789	68728	CM057399.1	WFIS01000042.1	97.39		True
local misassembly
4402621	4476063	198660	125034	CM057399.1	WFIS01000042.1	97.38		True
local misassembly
4360872	4402623	240890	199169	CM057399.1	WFIS01000042.1	98.11		True
local misassembly
4290790	4360878	311309	241153	CM057399.1	WFIS01000042.1	98.51		True
CONTIG	WFIS01000042.1	311369	misassembled
7178590	7388346	209557	1	CM057398.1	WFIS01000043.1	99.09		True
local misassembly
7143216	7176579	244371	211018	CM057398.1	WFIS01000043.1	98.12		True
local misassembly
7136813	7142952	250510	244372	CM057398.1	WFIS01000043.1	98.48		True
local misassembly
7097693	7136429	289159	250573	CM057398.1	WFIS01000043.1	97.26		True
local misassembly
7077787	7096028	309046	290725	CM057398.1	WFIS01000043.1	95.2		True
CONTIG	WFIS01000043.1	309050	correct
1652951	1733374	80451	8	CM057402.1	WFIS01000044.1	98.16		True
local misassembly
1633616	1652223	99334	80604	CM057402.1	WFIS01000044.1	96.96		True
local misassembly
1468519	1633035	263914	99335	CM057402.1	WFIS01000044.1	98.32		True
local misassembly
1434306	1468113	297767	263915	CM057402.1	WFIS01000044.1	99.77		True
local misassembly
1430754	1433955	300980	297779	CM057402.1	WFIS01000044.1	99.94		True
CONTIG	WFIS01000044.1	300980	correct
333968	335833	69	1937	CM057401.1	WFIS01000045.1	99.41		True
local misassembly
336238	375563	2580	41926	CM057401.1	WFIS01000045.1	99.65		True
local misassembly
375805	591754	41929	257665	CM057401.1	WFIS01000045.1	99.33		True
relocation, inconsistency = -8474
591750	598687	266135	272987	CM057401.1	WFIS01000045.1	98.17		True
relocation, inconsistency = -1792
599324	602799	275416	278887	CM057401.1	WFIS01000045.1	95.33		True
relocation, inconsistency = -9515
603161	606292	288764	291896	CM057401.1	WFIS01000045.1	96.88		True
CONTIG	WFIS01000045.1	291932	misassembled
2005629	2006995	1438	61	CM057401.1	WFIS01000046.1	96.37		True
indel: indel (> 5bp)
2004913	2005598	2109	1439	CM057401.1	WFIS01000046.1	95.63		True
indel: indel (> 5bp)
2004397	2004912	2658	2137	CM057401.1	WFIS01000046.1	96.17		True
indel: indel (> 5bp)
2003122	2004373	3921	2659	CM057401.1	WFIS01000046.1	97.32		True
relocation, inconsistency = 5569
2009943	2095769	3922	89798	CM057401.1	WFIS01000046.1	99.3		True
relocation, inconsistency = 1518
2097314	2139230	89825	131575	CM057401.1	WFIS01000046.1	97.35		True
relocation, inconsistency = -16294
2146491	2150028	155130	158668	CM057401.1	WFIS01000046.1	95.66		True
relocation, inconsistency = -1026
2150220	2173892	159886	183592	CM057401.1	WFIS01000046.1	96.13		True
local misassembly
2174166	2198160	183593	207335	CM057401.1	WFIS01000046.1	95.29		True
translocation
6808935	6832014	207362	230433	CM057398.1	WFIS01000046.1	96.53		True
local misassembly
6832256	6875221	230434	273449	CM057398.1	WFIS01000046.1	97.57		True
CONTIG	WFIS01000046.1	279153	misassembled
3221922	3233910	12024	52	CM057399.1	WFIS01000047.1	99.47		True
local misassembly
3054061	3221645	179486	12030	CM057399.1	WFIS01000047.1	99.12		True
translocation
180141	188749	179512	188125	CM057403.1	WFIS01000047.1	99.18		True
local misassembly
189253	250221	188126	249077	CM057403.1	WFIS01000047.1	98.86		True
relocation, inconsistency = -1950
252942	263370	253748	264178	CM057403.1	WFIS01000047.1	97.92		True
indel: stretch of mismatches
263371	277765	264179	278870	CM057403.1	WFIS01000047.1	95.38		True
CONTIG	WFIS01000047.1	278909	misassembled
1934644	1952203	75	17654	CM057402.1	WFIS01000048.1	96.6		True
relocation, inconsistency = -5855
1955647	2058501	26953	129646	CM057402.1	WFIS01000048.1	97.2		True
relocation, inconsistency = 113071
1835713	1839036	136516	133186	CM057402.1	WFIS01000048.1	95.65		True
local misassembly
1819679	1834217	152341	137789	CM057402.1	WFIS01000048.1	96.49		True
relocation, inconsistency = -26259
1733607	1805346	264834	192933	CM057402.1	WFIS01000048.1	96.59		True
CONTIG	WFIS01000048.1	264836	misassembled
3385524	3596761	1	211779	CM057398.1	WFIS01000049.1	97.93		True
local misassembly
3597022	3646411	211780	261210	CM057398.1	WFIS01000049.1	99.3		True
CONTIG	WFIS01000049.1	261225	correct
1880229	1969853	21	89287	CM057397.1	WFIS01000004.1	98.94		True
local misassembly
1969853	1988485	89905	108556	CM057397.1	WFIS01000004.1	99.2		True
local misassembly
1988727	2059306	108557	179268	CM057397.1	WFIS01000004.1	98.33		True
relocation, inconsistency = -1383
2059314	2163623	180659	284769	CM057397.1	WFIS01000004.1	98.56		True
relocation, inconsistency = 4844
2168624	2253204	284926	369433	CM057397.1	WFIS01000004.1	98.93		True
local misassembly
2253935	2295400	369463	410851	CM057397.1	WFIS01000004.1	98.4		True
relocation, inconsistency = -1915
2295673	2490542	413039	607935	CM057397.1	WFIS01000004.1	98.54		True
relocation, inconsistency = 4983
2495526	2519269	607936	631669	CM057397.1	WFIS01000004.1	97.8		True
relocation, inconsistency = 20095
2539366	2576645	631671	668997	CM057397.1	WFIS01000004.1	97.14		True
local misassembly
2576891	2716753	668998	808888	CM057397.1	WFIS01000004.1	98.28		True
local misassembly
2717113	3058766	808891	1150662	CM057397.1	WFIS01000004.1	99.05		True
translocation
6748673	6808617	1210657	1150741	CM057398.1	WFIS01000004.1	99.45		True
CONTIG	WFIS01000004.1	1210657	misassembled
1112173	1117052	4858	1	CM057398.1	WFIS01000050.1	98.67		True
relocation, inconsistency = 7632
1077378	1104540	32078	4859	CM057398.1	WFIS01000050.1	98.24		True
local misassembly
1072241	1077171	36976	32079	CM057398.1	WFIS01000050.1	98.0		True
local misassembly
850112	1072244	259292	37220	CM057398.1	WFIS01000050.1	99.51		True
CONTIG	WFIS01000050.1	259459	misassembled
746089	817976	77460	5630	CM057399.1	WFIS01000051.1	99.08		True
local misassembly
597290	745717	226012	77475	CM057399.1	WFIS01000051.1	99.26		True
translocation
4540	17753	239246	226019	JARFXW010000056.1	WFIS01000051.1	99.76		True
fake: not a misassembly [linear representation of circular genome]
141	3989	243094	239247	JARFXW010000056.1	WFIS01000051.1	99.52		True
translocation
1	8093	243095	251214	JARFXW010000078.1	WFIS01000051.1	98.83		True
CONTIG	WFIS01000051.1	251214	misassembled
3748296	3917035	174631	5705	CM057398.1	WFIS01000052.1	98.72		True
relocation, inconsistency = 1987
3678268	3746246	242681	174694	CM057398.1	WFIS01000052.1	98.98		True
CONTIG	WFIS01000052.1	242689	misassembled
214114	248013	33862	96	JARFXW010000009.1	WFIS01000053.1	97.35		True
relocation, inconsistency = 15100
96582	197782	136423	35094	JARFXW010000009.1	WFIS01000053.1	98.19		True
relocation, inconsistency = -4823
92738	96123	145090	141705	JARFXW010000009.1	WFIS01000053.1	99.47		True
local misassembly
65292	92111	171902	145156	JARFXW010000009.1	WFIS01000053.1	97.28		True
relocation, inconsistency = -1818
17809	65239	221189	173773	JARFXW010000009.1	WFIS01000053.1	97.54		True
local misassembly
176	17365	238616	221425	JARFXW010000009.1	WFIS01000053.1	99.3		True
CONTIG	WFIS01000053.1	238627	misassembled
1062354	1090597	76166	104436	CM057404.1	WFIS01000054.1	98.65		True
local misassembly
1090839	1091965	104437	105562	CM057404.1	WFIS01000054.1	99.43		True
local misassembly
1092207	1106421	105563	119828	CM057404.1	WFIS01000054.1	98.38		True
relocation, inconsistency = -2719
1122048	1123255	138174	139380	CM057404.1	WFIS01000054.1	95.03		True
indel: indel (> 5bp)
1123256	1124682	139447	140858	CM057404.1	WFIS01000054.1	96.5		True
indel: indel (> 5bp)
1124683	1125075	140880	141271	CM057404.1	WFIS01000054.1	96.47		True
local misassembly
1125617	1129196	141272	144840	CM057404.1	WFIS01000054.1	95.84		True
indel: indel (> 5bp)
1129197	1131820	144901	147528	CM057404.1	WFIS01000054.1	95.66		True
local misassembly
1132072	1157726	147529	173087	CM057404.1	WFIS01000054.1	97.12		True
local misassembly
1157977	1210512	173090	225746	CM057404.1	WFIS01000054.1	97.65		True
local misassembly
1210746	1222690	225753	237690	CM057404.1	WFIS01000054.1	98.03		True
CONTIG	WFIS01000054.1	237727	misassembled
66379	122649	19	56195	JARFXW010000010.1	WFIS01000055.1	98.03		True
relocation, inconsistency = -1019
122648	190311	57213	124968	JARFXW010000010.1	WFIS01000055.1	96.83		True
relocation, inconsistency = -1284
190444	207793	126385	143726	JARFXW010000010.1	WFIS01000055.1	95.83		True
relocation, inconsistency = 1299
209093	214088	143727	148722	JARFXW010000010.1	WFIS01000055.1	96.47		True
local misassembly
214109	285390	149168	220445	JARFXW010000010.1	WFIS01000055.1	97.74		True
relocation, inconsistency = 12392
297783	298762	220446	221426	JARFXW010000010.1	WFIS01000055.1	98.68		True
relocation, inconsistency = 2773
301542	302548	221433	222443	JARFXW010000010.1	WFIS01000055.1	97.13		True
local misassembly
302791	317103	222455	236924	JARFXW010000010.1	WFIS01000055.1	96.57		True
CONTIG	WFIS01000055.1	237071	misassembled
1324073	1332803	1	8523	CM057403.1	WFIS01000056.1	96.98		True
inversion
1332804	1337729	13447	8525	CM057403.1	WFIS01000056.1	98.7		True
inversion
1337729	1340978	13453	16727	CM057403.1	WFIS01000056.1	98.53		True
relocation, inconsistency = 2694
1343679	1369861	16734	42855	CM057403.1	WFIS01000056.1	98.71		True
relocation, inconsistency = -5073
1369788	1369897	47855	47964	CM057403.1	WFIS01000056.1	95.45		True
indel: indel (> 5bp)
1369898	1370209	47994	48306	CM057403.1	WFIS01000056.1	99.04		True
indel: indel (> 5bp)
1370210	1370835	48336	48961	CM057403.1	WFIS01000056.1	98.72		True
local misassembly
1370814	1526824	49144	204983	CM057403.1	WFIS01000056.1	99.54		True
translocation
8	25556	230429	204984	JARFXW010000014.1	WFIS01000056.1	99.19		True
CONTIG	WFIS01000056.1	230460	misassembled
1222834	1231018	29	8213	CM057404.1	WFIS01000057.1	99.25		True
translocation
90	32828	8224	41057	CM057399.1	WFIS01000057.1	97.89		True
local misassembly
32864	45766	41352	54244	CM057399.1	WFIS01000057.1	96.93		True
relocation, inconsistency = -1338
45794	50582	55610	60392	CM057399.1	WFIS01000057.1	95.93		True
relocation, inconsistency = 1475
52058	123641	60393	131950	CM057399.1	WFIS01000057.1	98.33		True
relocation, inconsistency = 1582
126352	221124	133079	228076	CM057399.1	WFIS01000057.1	98.6		True
CONTIG	WFIS01000057.1	228106	misassembled
3973340	4046696	73564	83	CM057402.1	WFIS01000058.1	96.54		True
local misassembly
3952187	3973049	94454	73595	CM057402.1	WFIS01000058.1	97.92		True
local misassembly
3914873	3952188	132431	95157	CM057402.1	WFIS01000058.1	96.88		True
inversion
3913699	3914869	132432	133601	CM057402.1	WFIS01000058.1	96.77		True
inversion
3844649	3913696	202701	133607	CM057402.1	WFIS01000058.1	98.94		True
local misassembly
3821931	3844368	225125	202706	CM057402.1	WFIS01000058.1	98.93		True
CONTIG	WFIS01000058.1	225185	misassembled
4114878	4290800	175997	67	CM057399.1	WFIS01000059.1	98.92		True
relocation, inconsistency = 1525
4101082	4112056	188270	177294	CM057399.1	WFIS01000059.1	98.64		True
CONTIG	WFIS01000059.1	188324	misassembled
5521213	5540353	66	19233	CM057398.1	WFIS01000005.1	98.02		True
relocation, inconsistency = -8432
5540442	5574291	27754	61371	CM057398.1	WFIS01000005.1	97.66		True
indel: indel (> 5bp)
5574479	5614350	61383	101468	CM057398.1	WFIS01000005.1	97.8		True
local misassembly
5614633	5757383	101469	243898	CM057398.1	WFIS01000005.1	98.73		True
relocation, inconsistency = 2406
5759791	5840730	243900	324556	CM057398.1	WFIS01000005.1	98.28		True
local misassembly
5841036	5847330	324566	330860	CM057398.1	WFIS01000005.1	99.79		True
local misassembly
5847587	5888813	330864	372099	CM057398.1	WFIS01000005.1	99.1		True
local misassembly
5889186	5912067	372100	394969	CM057398.1	WFIS01000005.1	98.91		True
translocation
691191	737676	441428	394983	CM057397.1	WFIS01000005.1	99.15		True
local misassembly
595198	690672	536860	441429	CM057397.1	WFIS01000005.1	98.8		True
local misassembly
511880	594893	619546	536861	CM057397.1	WFIS01000005.1	98.2		True
local misassembly
510088	511725	621453	619815	CM057397.1	WFIS01000005.1	98.66		True
local misassembly
478703	507993	653171	623940	CM057397.1	WFIS01000005.1	97.95		True
local misassembly
395371	472036	736476	659917	CM057397.1	WFIS01000005.1	97.53		True
relocation, inconsistency = 1758
376602	393274	753512	736815	CM057397.1	WFIS01000005.1	96.23		True
local misassembly
376032	376187	753677	753522	CM057397.1	WFIS01000005.1	96.15		True
local misassembly
359757	375704	769650	753678	CM057397.1	WFIS01000005.1	97.26		True
local misassembly
350159	358007	779190	771343	CM057397.1	WFIS01000005.1	95.32		True
indel: indel (> 5bp)
337122	350126	792191	779191	CM057397.1	WFIS01000005.1	96.04		True
local misassembly
334451	335764	794861	793551	CM057397.1	WFIS01000005.1	95.66		True
local misassembly
308520	329755	820560	799370	CM057397.1	WFIS01000005.1	96.02		True
relocation, inconsistency = -4934
300532	308469	833475	825545	CM057397.1	WFIS01000005.1	95.12		True
local misassembly
246756	286490	887444	847872	CM057397.1	WFIS01000005.1	95.86		True
local misassembly
242768	245945	890622	887445	CM057397.1	WFIS01000005.1	98.68		True
relocation, inconsistency = -1227
226673	242752	907984	891865	CM057397.1	WFIS01000005.1	95.87		True
relocation, inconsistency = 7586
195570	218354	931548	908717	CM057397.1	WFIS01000005.1	96.66		True
relocation, inconsistency = -2307
146653	188904	982644	940521	CM057397.1	WFIS01000005.1	98.02		True
relocation, inconsistency = 2325
47141	138951	1080015	988021	CM057397.1	WFIS01000005.1	97.51		True
translocation
18681	19872	1106626	1105436	JARFXW010000021.1	WFIS01000005.1	95.13		True
relocation, inconsistency = -17902
10600	11499	1132608	1131710	JARFXW010000021.1	WFIS01000005.1	95.89		True
translocation
14251	18590	1146506	1142164	JARFXW010000233.1	WFIS01000005.1	95.23		True
CONTIG	WFIS01000005.1	1171081	misassembled
3890314	3913890	23527	11	CM057397.1	WFIS01000060.1	98.63		True
relocation, inconsistency = 28308
3705701	3862005	179700	23528	CM057397.1	WFIS01000060.1	98.63		True
CONTIG	WFIS01000060.1	179766	misassembled
7001323	7077785	76671	79	CM057398.1	WFIS01000061.1	96.84		True
local misassembly
6996359	7000818	81615	77149	CM057398.1	WFIS01000061.1	96.34		True
relocation, inconsistency = -1037
6992129	6994915	86882	84096	CM057398.1	WFIS01000061.1	99.5		True
local misassembly
6950438	6986557	127783	91837	CM057398.1	WFIS01000061.1	97.11		True
local misassembly
6944350	6950434	134113	128024	CM057398.1	WFIS01000061.1	97.44		True
relocation, inconsistency = 1131
6940537	6943212	136795	134120	CM057398.1	WFIS01000061.1	97.35		True
local misassembly
6934886	6940533	143366	137717	CM057398.1	WFIS01000061.1	96.48		True
local misassembly
6906352	6934776	172369	143846	CM057398.1	WFIS01000061.1	96.48		True
CONTIG	WFIS01000061.1	174371	misassembled
3868191	3919934	14893	66863	CM057401.1	WFIS01000062.1	99.23		True
local misassembly
3924225	4025115	70355	171131	CM057401.1	WFIS01000062.1	98.33		True
CONTIG	WFIS01000062.1	171146	correct
2022450	2061447	4084	42918	CM057398.1	WFIS01000063.1	96.44		True
relocation, inconsistency = 6314
2067791	2071308	42948	46485	CM057398.1	WFIS01000063.1	96.25		True
local misassembly
2071433	2079380	47116	55047	CM057398.1	WFIS01000063.1	96.43		True
indel: indel (> 5bp)
2079381	2080348	55159	56123	CM057398.1	WFIS01000063.1	97.21		True
local misassembly
2081756	2084377	57455	60073	CM057398.1	WFIS01000063.1	95.09		True
local misassembly
2084650	2104682	60074	79956	CM057398.1	WFIS01000063.1	96.47		True
local misassembly
2106277	2107115	81657	82511	CM057398.1	WFIS01000063.1	95.2		True
indel: indel (> 5bp)
2107137	2110773	82512	86125	CM057398.1	WFIS01000063.1	97.0		True
relocation, inconsistency = -3212
2122436	2139560	101000	118145	CM057398.1	WFIS01000063.1	96.0		True
local misassembly
2140220	2145832	118146	123758	CM057398.1	WFIS01000063.1	96.75		True
relocation, inconsistency = 3704
2149915	2187900	124137	162173	CM057398.1	WFIS01000063.1	98.1		True
CONTIG	WFIS01000063.1	162751	misassembled
1284897	1285339	61144	61586	CM057402.1	WFIS01000064.1	97.74		True
unknown
2137120	2137750	106122	105482	CM057400.1	WFIS01000064.1	95.48		True
unknown
82260	90968	107265	115997	JARFXW010000227.1	WFIS01000064.1	98.94		True
unknown
90967	95052	117880	121967	JARFXW010000227.1	WFIS01000064.1	98.34		True
unknown
96159	116269	121981	142069	JARFXW010000227.1	WFIS01000064.1	99.06		True
unknown
CONTIG	WFIS01000064.1	142098	mis_unaligned
1235912	1364424	2	128232	CM057399.1	WFIS01000065.1	99.16		True
CONTIG	WFIS01000065.1	128277	correct
765510	863779	98380	5	CM057397.1	WFIS01000066.1	99.11		True
local misassembly
737670	765288	125997	98381	CM057397.1	WFIS01000066.1	99.61		True
CONTIG	WFIS01000066.1	126010	correct
53632	67818	1	14184	JARFXW010000061.1	WFIS01000067.1	99.5		True
translocation
863781	974005	124509	14191	CM057397.1	WFIS01000067.1	99.75		True
CONTIG	WFIS01000067.1	124514	misassembled
278141	315969	332	38178	CM057403.1	WFIS01000068.1	99.23		True
translocation
4019982	4033653	38179	51852	CM057399.1	WFIS01000068.1	99.05		True
local misassembly
4033969	4101099	51853	118984	CM057399.1	WFIS01000068.1	99.26		True
CONTIG	WFIS01000068.1	119066	misassembled
4022747	4135765	112865	77	CM057397.1	WFIS01000069.1	99.31		True
CONTIG	WFIS01000069.1	112910	correct
5912062	6046878	1	134714	CM057398.1	WFIS01000006.1	98.72		True
local misassembly
6047155	6091514	134715	179080	CM057398.1	WFIS01000006.1	98.76		True
local misassembly
6091817	6193719	179081	280938	CM057398.1	WFIS01000006.1	98.67		True
relocation, inconsistency = -1880
6193718	6230058	282817	319150	CM057398.1	WFIS01000006.1	99.54		True
local misassembly
6230294	6355516	319154	444026	CM057398.1	WFIS01000006.1	98.22		True
relocation, inconsistency = 1867
6357391	6409006	444034	495675	CM057398.1	WFIS01000006.1	99.23		True
local misassembly
6415145	6508697	501527	594976	CM057398.1	WFIS01000006.1	99.52		True
local misassembly
6508983	6576661	595378	663037	CM057398.1	WFIS01000006.1	99.29		True
local misassembly
6577398	6577494	663774	663870	CM057398.1	WFIS01000006.1	100.0		True
local misassembly
6588728	6663570	675388	750160	CM057398.1	WFIS01000006.1	99.24		True
translocation
2037471	2042289	756564	751714	CM057400.1	WFIS01000006.1	96.83		True
local misassembly
2028425	2036939	765577	757114	CM057400.1	WFIS01000006.1	96.14		True
relocation, inconsistency = 5725
1991943	2018154	796285	770123	CM057400.1	WFIS01000006.1	98.03		True
relocation, inconsistency = 5119
1965165	1968535	817967	814574	CM057400.1	WFIS01000006.1	97.92		True
inversion
1951897	1964912	817968	830997	CM057400.1	WFIS01000006.1	99.05		True
translocation
6669558	6679822	841221	831043	CM057398.1	WFIS01000006.1	95.58		True
translocation
2053418	2134664	851399	932650	CM057400.1	WFIS01000006.1	99.12		True
relocation, inconsistency = 15230
2149920	2233002	932676	1015793	CM057400.1	WFIS01000006.1	97.9		True
local misassembly
2234954	2236984	1018356	1020387	CM057400.1	WFIS01000006.1	97.79		True
relocation, inconsistency = -21179
2259616	2341289	1064198	1145808	CM057400.1	WFIS01000006.1	98.85		True
CONTIG	WFIS01000006.1	1145863	misassembled
400598	511538	110661	52	CM057398.1	WFIS01000070.1	99.19		True
CONTIG	WFIS01000070.1	110711	correct
5039704	5047375	69222	61679	CM057397.1	WFIS01000071.1	95.62		True
unknown
4999599	5038816	109983	70775	CM057397.1	WFIS01000071.1	98.78		True
unknown
CONTIG	WFIS01000071.1	109996	mis_unaligned
7822672	7871715	49293	130	CM057398.1	WFIS01000072.1	98.08		True
local misassembly
7762766	7822335	108935	49294	CM057398.1	WFIS01000072.1	98.32		True
CONTIG	WFIS01000072.1	108937	correct
1185492	1232790	47406	37	CM057400.1	WFIS01000073.1	99.24		True
local misassembly
1156292	1185250	76425	47407	CM057400.1	WFIS01000073.1	99.69		True
local misassembly
1147537	1155959	84845	76426	CM057400.1	WFIS01000073.1	99.92		True
local misassembly
1123312	1147220	108755	84846	CM057400.1	WFIS01000073.1	99.93		True
CONTIG	WFIS01000073.1	108802	correct
3978292	4022424	44155	11	CM057397.1	WFIS01000074.1	99.63		True
local misassembly
3914263	3977888	107697	44156	CM057397.1	WFIS01000074.1	99.53		True
CONTIG	WFIS01000074.1	107699	correct
34608	97187	71	62659	JARFXW010000012.1	WFIS01000075.1	98.78		True
local misassembly
97395	108766	62660	74023	JARFXW010000012.1	WFIS01000075.1	99.41		True
translocation
4578703	4609383	74024	104753	CM057397.1	WFIS01000075.1	99.42		True
CONTIG	WFIS01000075.1	104770	misassembled
1755800	1856772	33	101091	CM057401.1	WFIS01000076.1	99.64		True
CONTIG	WFIS01000076.1	101147	correct
2341270	2407570	23	66325	CM057400.1	WFIS01000077.1	99.07		True
translocation
974129	1005737	66366	97932	CM057397.1	WFIS01000077.1	99.04		True
CONTIG	WFIS01000077.1	97951	misassembled
1856754	1857941	30	1221	CM057401.1	WFIS01000078.1	98.44		True
local misassembly
1858310	1883883	1222	26820	CM057401.1	WFIS01000078.1	99.57		True
local misassembly
1884118	1939561	26833	82296	CM057401.1	WFIS01000078.1	99.6		True
relocation, inconsistency = -1971
1939556	1951416	84262	96068	CM057401.1	WFIS01000078.1	97.8		True
CONTIG	WFIS01000078.1	96119	misassembled
1336559	1339179	1	2620	CM057402.1	WFIS01000079.1	99.47		True
local misassembly
1339384	1430601	2621	93795	CM057402.1	WFIS01000079.1	99.5		True
CONTIG	WFIS01000079.1	93831	correct
2996408	3059362	1	62765	CM057401.1	WFIS01000007.1	98.33		True
local misassembly
3062442	3086211	65720	89466	CM057401.1	WFIS01000007.1	98.01		True
local misassembly
3086753	3263289	90012	266446	CM057401.1	WFIS01000007.1	98.68		True
local misassembly
3266512	3302691	269597	305720	CM057401.1	WFIS01000007.1	95.57		True
relocation, inconsistency = -11199
3303535	3306701	317763	320952	CM057401.1	WFIS01000007.1	97.31		True
local misassembly
3307457	3314163	320953	327643	CM057401.1	WFIS01000007.1	96.34		True
local misassembly
3314162	3344094	328152	358104	CM057401.1	WFIS01000007.1	98.52		True
local misassembly
3344104	3469221	358375	483532	CM057401.1	WFIS01000007.1	99.0		True
local misassembly
3469347	3500887	484529	516570	CM057401.1	WFIS01000007.1	95.35		True
relocation, inconsistency = 2758
3504552	3576164	517477	588660	CM057401.1	WFIS01000007.1	97.46		True
relocation, inconsistency = 2214
3578379	3587274	588661	597556	CM057401.1	WFIS01000007.1	96.32		True
local misassembly
3588265	3639034	598546	649382	CM057401.1	WFIS01000007.1	97.1		True
local misassembly
3639269	3658117	649383	668251	CM057401.1	WFIS01000007.1	97.91		True
local misassembly
3658499	3719974	668252	729855	CM057401.1	WFIS01000007.1	96.68		True
local misassembly
3720725	3808545	730706	818441	CM057401.1	WFIS01000007.1	97.63		True
local misassembly
3808990	3825618	818458	835062	CM057401.1	WFIS01000007.1	97.35		True
relocation, inconsistency = -1063
3825823	3837223	836330	847725	CM057401.1	WFIS01000007.1	98.36		True
local misassembly
3837434	3843663	847726	853943	CM057401.1	WFIS01000007.1	97.96		True
local misassembly
3843676	3847283	854386	858018	CM057401.1	WFIS01000007.1	95.18		True
translocation
31651	70254	864939	903557	JARFXW010000021.1	WFIS01000007.1	99.24		True
CONTIG	WFIS01000007.1	926203	misassembled
3439472	3445735	6342	69	CM057399.1	WFIS01000080.1	99.17		True
local misassembly
3426032	3439246	19624	6343	CM057399.1	WFIS01000080.1	98.83		True
local misassembly
3384463	3425574	60818	19637	CM057399.1	WFIS01000080.1	98.63		True
relocation, inconsistency = 247704
3673280	3700881	60820	88440	CM057399.1	WFIS01000080.1	99.04		True
CONTIG	WFIS01000080.1	88487	misassembled
25325	113245	77	87848	JARFXW010000032.1	WFIS01000081.1	99.06		True
CONTIG	WFIS01000081.1	87896	correct
4554084	4571300	17263	52	CM057398.1	WFIS01000082.1	99.91		True
local misassembly
4484630	4553819	86504	17264	CM057398.1	WFIS01000082.1	99.37		True
CONTIG	WFIS01000082.1	86538	correct
4611798	4656992	45233	1	CM057398.1	WFIS01000083.1	99.34		True
local misassembly
4571433	4611556	85221	45234	CM057398.1	WFIS01000083.1	99.52		True
CONTIG	WFIS01000083.1	85251	correct
4025101	4074400	59	49323	CM057401.1	WFIS01000084.1	99.07		True
local misassembly
4074642	4103849	49324	78500	CM057401.1	WFIS01000084.1	99.55		True
local misassembly
4104228	4110853	78501	85119	CM057401.1	WFIS01000084.1	99.29		True
CONTIG	WFIS01000084.1	85173	correct
248126	249609	109	1582	JARFXW010000009.1	WFIS01000085.1	95.77		True
local misassembly
249891	257893	1583	9608	JARFXW010000009.1	WFIS01000085.1	96.69		True
relocation, inconsistency = -3591
263391	263795	18697	19103	JARFXW010000009.1	WFIS01000085.1	98.03		True
indel: indel (> 5bp)
263796	268433	19126	23772	JARFXW010000009.1	WFIS01000085.1	97.04		True
local misassembly
268818	276242	23773	31220	JARFXW010000009.1	WFIS01000085.1	96.89		True
local misassembly
276239	283333	31603	38703	JARFXW010000009.1	WFIS01000085.1	96.47		True
translocation
7717615	7762781	83839	38759	CM057398.1	WFIS01000085.1	99.21		True
CONTIG	WFIS01000085.1	83918	misassembled
311761	318694	1	6978	JARFXW010000009.1	WFIS01000086.1	97.28		True
local misassembly
318693	320695	7518	9503	JARFXW010000009.1	WFIS01000086.1	95.01		True
local misassembly
320702	358439	10325	48070	JARFXW010000009.1	WFIS01000086.1	99.16		True
translocation
16301	17014	63106	62394	JARFXW010000021.1	WFIS01000086.1	96.08		True
CONTIG	WFIS01000086.1	77239	misassembled
18603	18884	16357	16639	JARFXW010000034.1	WFIS01000087.1	96.13		True
CONTIG	WFIS01000087.1	71931	correct_unaligned
7872081	7891862	31	19829	CM057398.1	WFIS01000088.1	97.12		True
local misassembly
7892771	7916705	21145	45218	CM057398.1	WFIS01000088.1	97.94		True
local misassembly
7917041	7942327	45223	70515	CM057398.1	WFIS01000088.1	99.4		True
CONTIG	WFIS01000088.1	70729	correct
511517	527251	33	15759	CM057398.1	WFIS01000089.1	99.63		True
local misassembly
527587	578860	15760	67043	CM057398.1	WFIS01000089.1	99.89		True
CONTIG	WFIS01000089.1	67043	correct
2515772	2522599	6845	11	CM057399.1	WFIS01000008.1	99.43		True
local misassembly
2500575	2515329	21605	6846	CM057399.1	WFIS01000008.1	99.38		True
local misassembly
2414432	2500348	107555	21606	CM057399.1	WFIS01000008.1	98.25		True
local misassembly
2392339	2414196	129444	107556	CM057399.1	WFIS01000008.1	97.04		True
relocation, inconsistency = -1758
2366976	2390007	156590	133534	CM057399.1	WFIS01000008.1	96.62		True
local misassembly
1962214	2366439	560790	156682	CM057399.1	WFIS01000008.1	99.16		True
relocation, inconsistency = 1673986
257754	288227	560791	591100	CM057399.1	WFIS01000008.1	97.75		True
local misassembly
288741	290353	591964	593571	CM057399.1	WFIS01000008.1	95.17		True
local misassembly
290617	320344	593572	623295	CM057399.1	WFIS01000008.1	98.34		True
relocation, inconsistency = 1328
322495	597121	624118	898990	CM057399.1	WFIS01000008.1	98.73		True
CONTIG	WFIS01000008.1	898990	misassembled
3659362	3665926	6641	97	CM057397.1	WFIS01000090.1	97.04		True
translocation
26021	61960	12686	48742	JARFXW010000227.1	WFIS01000090.1	98.55		True
relocation, inconsistency = -2421
69700	73627	58903	62832	JARFXW010000227.1	WFIS01000090.1	95.68		True
CONTIG	WFIS01000090.1	63467	misassembled
1233062	1242914	52	9898	CM057400.1	WFIS01000091.1	99.77		True
local misassembly
1243119	1257531	9899	24344	CM057400.1	WFIS01000091.1	98.82		True
local misassembly
1257964	1290308	24345	56792	CM057400.1	WFIS01000091.1	98.58		True
CONTIG	WFIS01000091.1	56850	correct
1	273	10610	10882	JARFXW010000032.1	WFIS01000092.1	95.6		True
translocation
2189116	2230370	52976	11294	CM057398.1	WFIS01000092.1	96.63		True
local misassembly
2188669	2188830	53138	52977	CM057398.1	WFIS01000092.1	98.82		True
CONTIG	WFIS01000092.1	53316	misassembled
1	1856	1862	1	JARFXW010000263.1	WFIS01000093.1	96.89		True
translocation
1	2056	1877	3948	JARFXW010000234.1	WFIS01000093.1	97.21		True
relocation, inconsistency = -1700
2057	5522	5649	9100	JARFXW010000234.1	WFIS01000093.1	97.99		True
translocation
2968	9240	9101	15380	CM057400.1	WFIS01000093.1	96.29		True
relocation, inconsistency = 34603
46486	49254	18023	20792	CM057400.1	WFIS01000093.1	96.46		True
translocation
5091084	5092329	22038	20793	CM057397.1	WFIS01000093.1	99.28		True
local misassembly
5078879	5090622	33792	22039	CM057397.1	WFIS01000093.1	98.96		True
CONTIG	WFIS01000093.1	50605	misassembled
2538	3081	13945	13402	JARFXW010000041.1	WFIS01000094.1	96.88		True
unknown
3572	4563	27417	26455	JARFXW010000046.1	WFIS01000094.1	95.86		True
unknown
1	4657	30241	34891	JARFXW010000227.1	WFIS01000094.1	96.59		True
unknown
5393	9852	34892	39347	JARFXW010000227.1	WFIS01000094.1	97.06		True
unknown
3994	4307	41563	41875	JARFXW010000056.1	WFIS01000094.1	95.54		True
unknown
CONTIG	WFIS01000094.1	44649	mis_unaligned
1951689	1976194	1	24657	CM057401.1	WFIS01000095.1	98.4		True
relocation, inconsistency = -1405
1983830	1985296	33698	35164	CM057401.1	WFIS01000095.1	99.74		True
translocation
1307619	1315338	42883	35165	CM057403.1	WFIS01000095.1	99.16		True
inversion
1306989	1307268	42884	43160	CM057403.1	WFIS01000095.1	97.97		True
CONTIG	WFIS01000095.1	43160	misassembled
266644	278946	21277	9023	CM057404.1	WFIS01000096.1	98.88		True
local misassembly
251013	266651	37193	21555	CM057404.1	WFIS01000096.1	99.28		True
translocation
240	653	37825	37412	JARFXW010000247.1	WFIS01000096.1	96.94		True
translocation
3	1898	39722	37826	JARFXW010000196.1	WFIS01000096.1	95.89		True
CONTIG	WFIS01000096.1	41346	misassembled
15977	53603	37768	1	JARFXW010000061.1	WFIS01000097.1	98.72		True
CONTIG	WFIS01000097.1	37851	correct
36779	37234	463	7	JARFXW010000031.1	WFIS01000098.1	96.5		True
unknown
4408	5074	10593	11260	JARFXW010000077.1	WFIS01000098.1	95.21		True
unknown
16813	24014	28734	35867	JARFXW010000041.1	WFIS01000098.1	95.21		True
unknown
CONTIG	WFIS01000098.1	35867	mis_unaligned
5104	6132	5990	7018	JARFXW010000093.1	WFIS01000099.1	96.4		True
unknown
192	744	7316	7867	JARFXW010000262.1	WFIS01000099.1	96.38		True
unknown
2161083	2161655	29280	28708	CM057402.1	WFIS01000099.1	96.51		True
unknown
CONTIG	WFIS01000099.1	33484	mis_unaligned
3332960	3358931	573	26583	CM057398.1	WFIS01000009.1	95.51		True
relocation, inconsistency = 11722
3370993	3385107	26923	41097	CM057398.1	WFIS01000009.1	95.25		True
translocation
1107198	1118390	52231	41100	CM057402.1	WFIS01000009.1	95.03		True
local misassembly
1067505	1102200	91951	57193	CM057402.1	WFIS01000009.1	97.05		True
relocation, inconsistency = 1245
1031581	1066030	126630	92181	CM057402.1	WFIS01000009.1	98.67		True
local misassembly
1019321	1031063	138379	126631	CM057402.1	WFIS01000009.1	98.2		True
inversion
1018631	1019306	138380	139055	CM057402.1	WFIS01000009.1	99.7		True
inversion
998782	1018630	158903	139072	CM057402.1	WFIS01000009.1	99.25		True
relocation, inconsistency = 1120
770685	997635	385278	158930	CM057402.1	WFIS01000009.1	99.03		True
local misassembly
613129	770316	542517	385281	CM057402.1	WFIS01000009.1	99.08		True
relocation, inconsistency = 348250
1118567	1166872	542518	590843	CM057402.1	WFIS01000009.1	99.5		True
local misassembly
1167291	1249261	590844	672697	CM057402.1	WFIS01000009.1	99.59		True
local misassembly
1249601	1273703	672702	696799	CM057402.1	WFIS01000009.1	99.74		True
local misassembly
1273945	1294706	696800	717593	CM057402.1	WFIS01000009.1	98.94		True
translocation
5511	6057	718146	717603	JARFXW010000017.1	WFIS01000009.1	95.82		True
translocation
1294779	1306158	718147	729531	CM057402.1	WFIS01000009.1	99.31		True
relocation, inconsistency = -6240
1306157	1317836	735770	747547	CM057402.1	WFIS01000009.1	98.46		True
relocation, inconsistency = 9916
1327927	1336550	747722	756405	CM057402.1	WFIS01000009.1	98.68		True
CONTIG	WFIS01000009.1	756407	misassembled
